time,accel_mag,quat_k,accel_mag_no_gravity,status
0.005184001,8.219273539646387,0.0,13.004189998593963,0
0.021316006,8.219273539646387,0.0,13.004189998593963,0
0.028372008,8.219273539646387,0.0,13.004189998593963,0
0.039748011,6.093225388075089,-0.34014892578125,11.678314117623435,0
0.055038015,6.093225388075089,-0.34014892578125,11.678314117623435,0
0.067074018,4.355195479095377,-0.34014892578125,10.770470749281706,0
0.078420021,4.355195479095377,-0.3790283203125,10.770470749281706,0
0.093672025,4.355195479095377,-0.3790283203125,10.770470749281706,0
0.100605027,5.006230858850736,-0.3790283203125,10.77261446502702,0
0.115919031,5.006230858850736,-0.3790283203125,10.77261446502702,0
0.123614033,5.006230858850736,-0.3790283203125,10.77261446502702,0
0.130535035,6.382077346356969,-0.3919677734375,11.312215687250788,0
0.14946204,6.382077346356969,-0.3919677734375,11.312215687250788,0
0.157211042,8.141511543016943,-0.3919677734375,12.510214234979276,0
0.173002047,8.141511543016943,-0.3919677734375,12.510214234979276,0
0.179951048,8.141511543016943,-0.41510009765625,12.510214234979276,0
0.198859054,9.713244678910483,-0.41510009765625,13.722971059227037,0
0.206585056,9.713244678910483,-0.41510009765625,13.722971059227037,0
0.218226059,8.87827380336623,-0.41510009765625,13.456050989333352,0
0.229714062,8.87827380336623,-0.4444580078125,13.456050989333352,0
0.244934066,8.87827380336623,-0.4444580078125,13.456050989333352,0
0.252703068,9.30403971559112,-0.4444580078125,13.575327989750262,0
0.267664072,9.30403971559112,-0.4444580078125,13.575327989750262,0
0.275380074,9.30403971559112,-0.4444580078125,13.575327989750262,0
0.290143078,9.93030138616735,-0.48419189453125,14.27987913534695,0
0.301710081,9.93030138616735,-0.48419189453125,14.27987913534695,0
0.308675083,8.83589691773395,-0.48419189453125,13.868487637115315,0
0.324125087,8.83589691773395,-0.48419189453125,13.868487637115315,0
0.331118089,8.83589691773395,-0.5145263671875,13.868487637115315,0
0.346495093,7.397661984169813,-0.5145263671875,12.970029022019622,0
0.358080096,7.397661984169813,-0.5145263671875,12.970029022019622,0
0.369321099,7.397661984169813,-0.5145263671875,12.970029022019622,0
0.377062101,8.45763746383862,-0.5386962890625,13.097819721989097,0
0.396578107,8.45763746383862,-0.5386962890625,13.097819721989097,0
0.404271109,8.119565114369388,-0.5386962890625,12.645163112687966,0
0.419100113,8.119565114369388,-0.5386962890625,12.645163112687966,0
0.426831115,8.119565114369388,-0.5386962890625,12.645163112687966,0
0.438429118,8.243539766142732,-0.564453125,12.698019446983713,0
0.453821122,8.243539766142732,-0.564453125,12.698019446983713,0
0.465320125,9.510634242588086,-0.564453125,13.387259846446886,0
0.477028128,9.510634242588086,-0.564453125,13.387259846446886,0
0.487053131,9.510634242588086,-0.5831298828125,13.387259846446886,0
0.498671134,11.27542022801631,-0.5831298828125,14.539067243752585,0
0.513904138,11.27542022801631,-0.5831298828125,14.539067243752585,0
0.52084914,11.27542022801631,-0.5831298828125,14.539067243752585,0
0.528176142,11.74990130443922,-0.59136962890625,14.935701545761502,0
0.547816147,11.74990130443922,-0.59136962890625,14.935701545761502,0
0.555486149,11.111540120637601,-0.59136962890625,14.17667799071909,0
0.572207154,11.111540120637601,-0.59136962890625,14.17667799071909,0
0.579345156,11.111540120637601,-0.595458984375,14.17667799071909,0
0.601189162,10.33134744901674,-0.595458984375,13.349163929336724,0
0.623017168,10.187204181144123,-0.595458984375,13.266807887669147,0
0.643196173,10.187204181144123,-0.60504150390625,13.266807887669147,0
0.659630177,10.952364341454714,-0.60504150390625,13.942871284924378,0
0.680307183,12.151761125940308,-0.615966796875,14.828835455352321,0
0.704603189,12.151761125940308,-0.615966796875,14.828835455352321,0
0.721536194,13.689089608750695,-0.615966796875,16.20512802530132,0
0.737153198,13.689089608750695,-0.62762451171875,16.20512802530132,0
0.762678205,15.336569292576995,-0.62762451171875,17.577561553469685,0
0.779007209,12.282006626263403,-0.64190673828125,15.235193607814052,0
0.803538216,12.282006626263403,-0.64190673828125,15.235193607814052,0
0.824081222,9.872040510344892,-0.64190673828125,13.590161748040037,0
0.836055225,10.967234275838774,-0.651123046875,14.484903008343991,0
0.85723623,10.967234275838774,-0.651123046875,14.484903008343991,0
0.874278235,12.058260315887326,-0.651123046875,15.714774635536557,0
0.89383024,12.058260315887326,-0.6519775390625,15.714774635536557,0
0.914663246,11.405567723601322,-0.6519775390625,15.43946161942366,0
0.932331251,10.075874112737921,-0.63824462890625,14.328155904921687,0
0.953505256,10.075874112737921,-0.63824462890625,14.328155904921687,0
0.970325261,9.454875386756907,-0.63824462890625,13.818363455167242,0
0.986368265,9.511307261376457,-0.61468505859375,14.070868516915098,0
1.012159272,9.511307261376457,-0.61468505859375,14.070868516915098,0
1.027996276,9.607067494798263,-0.5849609375,14.321415200657,0
1.051401283,9.607067494798263,-0.5849609375,14.321415200657,0
1.064239286,9.494597655696353,-0.5849609375,14.401222071183915,0
1.084885292,8.995556900232053,-0.54949951171875,14.236749767601891,0
1.105956297,8.995556900232053,-0.54949951171875,14.236749767601891,0
1.123504302,8.815493244429272,-0.54949951171875,14.516632138432733,0
1.142360307,8.815493244429272,-0.5162353515625,14.516632138432733,0
1.163898313,8.606859673961557,-0.5162353515625,14.625723347830206,0
1.180406317,9.400681783422097,-0.488037109375,15.255286149173475,0
1.204726324,9.388444948955621,-0.488037109375,15.467104966979772,0
1.225023329,9.388444948955621,-0.488037109375,15.467104966979772,0
1.240604333,8.781949378565974,-0.45703125,15.35298659504708,0
1.261507339,8.781949378565974,-0.45703125,15.35298659504708,0
1.277954343,8.95179981057624,-0.400146484375,15.547096830232737,0
1.30276035,8.02484374087307,-0.400146484375,15.954103847143209,0
1.323202356,8.02484374087307,-0.400146484375,15.954103847143209,0
1.335410359,9.069685829718948,-0.306640625,17.172765896902128,0
1.356348364,9.069685829718948,-0.306640625,17.172765896902128,0
1.373973369,11.36176913925084,-0.306640625,19.646567396714186,0
1.394480375,12.93776477782345,-0.23150634765625,20.72598326850355,0
1.41506638,12.93776477782345,-0.23150634765625,20.72598326850355,0
1.431971385,12.93776477782345,-0.1807861328125,20.72598326850355,0
1.455485391,11.38382119007916,-0.1807861328125,18.801349948546125,0
1.476262397,11.38382119007916,-0.1807861328125,18.801349948546125,0
1.493118401,10.675634032098735,-0.16046142578125,18.00880269444098,0
1.513537407,10.675634032098735,-0.16046142578125,18.00880269444098,0
1.529375411,9.647499638122726,-0.169677734375,16.917313594881964,0
1.552445417,10.052703827729477,-0.169677734375,17.412997422846157,0
1.572719422,10.052703827729477,-0.169677734375,17.412997422846157,0
1.584551426,10.280640001375918,-0.17852783203125,17.84197988839497,0
1.605250431,10.280640001375918,-0.17852783203125,17.84197988839497,0
1.626941437,8.955031053924817,-0.17852783203125,16.711843290814983,0
1.642413441,8.372726815159387,-0.1788330078125,16.060541454798127,0
1.663350447,8.372726815159387,-0.1788330078125,16.060541454798127,0
1.679505451,7.658203872178617,-0.17529296875,15.699889300496727,0
1.705290458,7.24435204809096,-0.17529296875,15.233198091559096,0
1.726359464,7.24435204809096,-0.17529296875,15.233198091559096,0
1.740953468,6.949672158831262,-0.1636962890625,15.967803719210554,0
1.762881473,6.949672158831262,-0.1636962890625,15.967803719210554,0
1.783966479,8.25757690209091,-0.130859375,17.21997608285056,0
1.804732485,9.5984988310449,-0.130859375,18.420248500212214,0
1.82618949,9.5984988310449,-0.130859375,18.420248500212214,0
1.841720495,8.105547815879431,-0.09796142578125,17.623206444784895,0
1.8627325,6.954550196282804,-0.09796142578125,16.502778733674436,0
1.883539506,6.796614578344317,-0.076904296875,15.97144623152714,0
1.907596512,6.796614578344317,-0.076904296875,15.97144623152714,0
1.924840517,6.9264884368220585,-0.076904296875,16.32766990618777,0
1.944376522,6.9264884368220585,-0.06951904296875,16.32766990618777,0
1.961796527,8.793323619838128,-0.06951904296875,18.363177564985946,0
1.983495533,7.163140190766765,-0.0626220703125,16.77075996765138,0
2.004601538,7.163140190766765,-0.0626220703125,16.77075996765138,0
2.021679543,8.447213917833075,-0.0626220703125,17.55108929592784,0
2.040844548,8.447213917833075,-0.03826904296875,17.55108929592784,0
2.057681552,10.226390910038686,-0.03826904296875,19.88259310414318,0
2.078372558,12.4965644692914,0.0333251953125,22.14648106438484,0
2.103189565,12.4965644692914,0.0333251953125,22.14648106438484,0
2.115597568,11.339652674501115,0.0333251953125,21.038088322809188,0
2.137390574,11.951845187817431,-0.1092529296875,21.549087356395276,0
2.15898158,11.951845187817431,-0.1092529296875,21.549087356395276,0
2.175859584,14.39767498743965,-0.16619873046875,24.016958488616858,0
2.201861591,13.777085139868008,-0.16619873046875,23.38154213158687,0
2.222563597,13.777085139868008,-0.16619873046875,23.38154213158687,0
2.2355116,14.084437641133997,-0.20391845703125,23.625604673044716,0
2.255881606,14.084437641133997,-0.20391845703125,23.625604673044716,0
2.276934611,14.68434609172644,-0.20391845703125,24.237329579423587,0
2.293851616,14.786644884603112,-0.21026611328125,24.332505100037675,0
2.314450621,14.786644884603112,-0.21026611328125,24.332505100037675,0
2.330413626,14.94512310795445,-0.1961669921875,24.502674950133795,0
2.353526632,14.94512310795445,-0.1961669921875,24.502674950133795,0
2.366097635,16.267845332066777,-0.1961669921875,25.88870369964566,0
2.38638864,16.219339407793257,-0.17193603515625,25.815283183130017,0
2.408330646,16.219339407793257,-0.17193603515625,25.815283183130017,0
2.424405651,14.595975326354148,-0.17193603515625,24.090318246705234,0
2.443359656,14.595975326354148,-0.1357421875,24.090318246705234,0
2.464217661,12.532580221829884,-0.1357421875,21.90974251369928,0
2.480084666,12.362277185729047,-0.08526611328125,21.86711194275085,0
2.504375672,12.362277185729047,-0.08526611328125,21.86711194275085,0
2.525359678,12.032280419551672,-0.08526611328125,21.540553836768602,0
2.537671681,12.011244274165431,-0.03759765625,21.49678002663822,0
2.559279687,12.011244274165431,-0.03759765625,21.49678002663822,0
2.575789691,10.280081175249862,-0.03759765625,19.435463886147062,0
2.595523696,10.280081175249862,0.00299072265625,19.435463886147062,0
2.612400701,9.233850351265733,0.00299072265625,17.876685020147622,0
2.632658706,9.233850351265733,-0.01885986328125,17.876685020147622,0
2.656124713,10.21175189225553,-0.01885986328125,18.88748432716714,0
2.673550717,9.832658216501734,-0.01885986328125,17.86195097413883,0
2.693463723,9.849994144341137,-0.03314208984375,17.14337181372307,0
2.713429728,9.849994144341137,-0.03314208984375,17.14337181372307,0
2.729551732,9.849994144341137,-0.03314208984375,17.14337181372307,0
2.745267737,11.621368169028859,-0.049560546875,17.96926920105871,0
2.774429744,15.640506953538043,-0.049560546875,21.576350369413078,0
2.787358748,16.874331764836366,-0.07781982421875,22.63612179702534,0
2.808603753,16.874331764836366,-0.07781982421875,22.63612179702534,0
2.825270758,19.133444523682094,-0.07781982421875,24.289670115932417,0
2.844176763,19.133444523682094,-0.117431640625,24.289670115932417,0
2.860238767,22.475954558709965,-0.117431640625,27.029597820263536,0
2.880565773,28.09437188636637,-0.1507568359375,30.775309408508846,0
2.904819779,28.09437188636637,-0.1507568359375,30.775309408508846,0
2.921804784,41.935893953272966,-0.1507568359375,43.015947062225145,0
2.937532788,72.29984525503058,-0.06695556640625,72.03536326972585,0
2.962171795,72.29984525503058,-0.06695556640625,72.03536326972585,0
2.978320799,64.62406557687756,0.23687744140625,64.42733679646064,0
3.003873806,64.62406557687756,0.23687744140625,64.42733679646064,0
3.016666809,28.81293240634384,0.23687744140625,32.570261725269255,0
3.037658815,30.408120265418773,0.4864501953125,33.66818829512767,0
3.059230821,30.408120265418773,0.4864501953125,33.66818829512767,0
3.076011825,30.930488423814815,0.4864501953125,33.70852713536654,0
3.096808831,30.05578005227582,-0.53448486328125,33.23762799224369,0
3.121940837,30.05578005227582,-0.53448486328125,33.23762799224369,0
3.134631841,28.68393341033743,-0.33343505859375,32.03714014060356,0
3.155309846,28.68393341033743,-0.33343505859375,32.03714014060356,0
3.176066852,17.30304776726149,-0.33343505859375,24.075814358732146,1
3.188167855,101.89641517270776,0.05560302734375,105.11059972737682,1
3.220522864,61.496954121411065,0.05560302734375,67.21476579748632,1
3.239868869,61.496954121411065,0.2579345703125,67.21476579748632,1
3.251690872,61.496954121411065,0.2579345703125,67.21476579748632,2
3.267867876,26.720576566311827,0.2579345703125,35.10263290746341,2
3.275874878,26.720576566311827,0.2579345703125,35.10263290746341,2
3.28308688,8.93833652662962,0.3780517578125,17.60014516597182,2
3.302408886,8.93833652662962,0.3780517578125,17.60014516597182,2
3.310018888,8.93833652662962,0.3780517578125,17.60014516597182,2
3.321577891,8.625734159764134,0.3780517578125,17.09992258154761,2
3.332833894,8.625734159764134,0.429443359375,17.09992258154761,2
3.348537898,11.558114534675614,0.429443359375,18.404661749042816,2
3.361702901,11.558114534675614,0.429443359375,18.404661749042816,2
3.379077906,17.80267169918342,0.44708251953125,22.618302757477323,2
3.403244913,17.80267169918342,0.44708251953125,22.618302757477323,2
3.415558916,19.546079526429736,0.44708251953125,23.379748979694277,2
3.446015924,10.986289756877447,0.456298828125,16.84658163017264,2
3.466525929,10.986289756877447,0.456298828125,16.84658163017264,2
3.474618932,7.2359915259940575,0.456298828125,15.006390667454244,2
3.490051936,7.2359915259940575,0.4482421875,15.006390667454244,2
3.502175939,9.924289968157435,0.4482421875,18.57149109178017,2
3.517494943,9.924289968157435,0.4482421875,18.57149109178017,2
3.525467945,9.924289968157435,0.4482421875,18.57149109178017,2
3.54202295,11.484239476241179,0.44171142578125,20.353891061604322,2
3.553682953,11.484239476241179,0.44171142578125,20.353891061604322,2
3.560975955,9.567289860682612,0.44171142578125,17.591490422312724,2
3.575991959,9.567289860682612,0.44171142578125,17.591490422312724,2
3.583209961,9.567289860682612,0.3287353515625,17.591490422312724,2
3.598533965,9.974140300369015,0.3287353515625,17.816031396791075,2
3.610346968,9.974140300369015,0.3287353515625,17.816031396791075,2
3.622060971,9.974140300369015,0.3287353515625,17.816031396791075,2
3.629740973,9.899483376326467,0.32843017578125,18.086055294567803,2
3.649660978,9.899483376326467,0.32843017578125,18.086055294567803,2
3.65765298,9.810691326641596,0.32843017578125,17.975955518598745,2
3.673788985,9.810691326641596,0.32843017578125,17.975955518598745,2
3.681077987,9.810691326641596,0.32843017578125,17.975955518598745,2
3.69242299,9.929234167956226,0.32855224609375,18.00056432899006,2
3.707923994,9.929234167956226,0.32855224609375,18.00056432899006,2
3.719879997,9.828764635385898,0.32855224609375,17.945340321593584,2
3.731467,9.828764635385898,0.32855224609375,17.945340321593584,2
3.747171004,9.828764635385898,0.32855224609375,17.945340321593584,2
3.759233008,9.872048238627142,0.32855224609375,18.00738977269558,2
3.770846011,9.872048238627142,0.32855224609375,18.00738977269558,2
3.778516013,9.857651549298282,0.32861328125,17.96117810911586,2
3.797913018,9.857651549298282,0.32861328125,17.96117810911586,2
3.80592002,9.853914178324725,0.32861328125,17.96125864559021,2
3.821779024,9.853914178324725,0.32861328125,17.96125864559021,2
3.829808026,9.853914178324725,0.32861328125,17.96125864559021,2
3.84136003,9.89432691384942,0.32861328125,18.019613066825965,2
3.856677034,9.89432691384942,0.32861328125,18.019613066825965,2
3.869275037,9.89432691384942,0.32861328125,18.019613066825965,2
3.877163039,9.852412018536771,0.32861328125,17.977477856557293,2
3.892373043,9.852412018536771,0.32867431640625,17.977477856557293,2
3.904097046,9.917880285889439,0.32867431640625,18.013440450542323,2
3.91977405,9.917880285889439,0.32867431640625,18.013440450542323,2
3.927776053,9.917880285889439,0.32867431640625,18.013440450542323,2
3.948120058,9.852412018536771,0.32867431640625,17.977477856557293,2
3.95607006,9.852412018536771,0.32867431640625,17.977477856557293,2
3.967634063,9.870654731531316,0.32867431640625,17.987482100869524,2
3.979918067,9.870654731531316,0.32867431640625,17.987482100869524,2
3.99143707,9.870654731531316,0.09002685546875,17.987482100869524,2
4.003077073,9.897470139441332,0.09002685546875,18.002211049233168,2
4.018726077,9.897470139441332,0.09002685546875,18.002211049233168,2
4.026719079,9.897470139441332,0.09002685546875,18.002211049233168,2
4.033935081,9.855982757602819,0.0306396484375,17.977305724667534,2
4.052717086,9.855982757602819,0.0306396484375,17.977305724667534,2
4.060359088,9.870654731531316,0.0306396484375,17.987482100869524,2
4.075943092,9.870654731531316,0.0306396484375,17.987482100869524,2
4.083112094,9.872264628073882,0.04351806640625,17.986237346558028,2
4.101462099,9.872264628073882,0.04351806640625,17.986237346558028,2
4.109403101,9.872264628073882,0.04351806640625,17.986237346558028,2
4.121027104,9.872264628073882,0.04351806640625,17.986237346558028,2
4.132635107,9.872264628073882,0.04376220703125,17.986237346558028,2
4.148070111,9.872264628073882,0.04376220703125,17.986237346558028,2
4.155776114,9.852412018536771,0.04376220703125,17.977477856557293,2
4.171000118,9.852412018536771,0.04376220703125,17.977477856557293,2
4.17899512,9.872264628073882,0.0440673828125,17.986237346558028,2
4.200148125,9.872264628073882,0.0440673828125,17.986237346558028,2
4.208329128,9.897470139441332,0.0440673828125,18.002211049233168,2
4.224380132,9.897470139441332,0.0440673828125,18.002211049233168,2
4.231898134,9.897470139441332,0.0443115234375,18.002211049233168,2
4.248282138,9.872264628073882,0.0443115234375,17.986237346558028,2
4.260676142,9.872264628073882,0.0443115234375,17.986237346558028,2
4.272753145,9.872264628073882,0.0443115234375,17.986237346558028,2
4.280592147,9.870654731531316,0.0445556640625,17.987482100869524,2
4.301103152,9.870654731531316,0.0445556640625,17.987482100869524,2
4.309303155,9.872264628073882,0.0445556640625,17.986237346558028,2
4.325074159,9.872264628073882,0.0445556640625,17.986237346558028,2
4.332490161,9.872264628073882,0.0447998046875,17.986237346558028,2
4.352089166,9.872264628073882,0.0447998046875,17.986237346558028,2
4.360228168,9.872264628073882,0.0447998046875,17.986237346558028,2
4.372287171,9.872264628073882,0.0447998046875,17.986237346558028,2
4.383821174,9.872264628073882,0.04498291015625,17.986237346558028,2
4.399724179,9.872264628073882,0.04498291015625,17.986237346558028,2
4.411604182,9.872264628073882,0.04498291015625,17.986237346558028,2
4.423374185,9.872264628073882,0.04498291015625,17.986237346558028,2
4.431251187,9.872264628073882,0.045166015625,17.986237346558028,2
4.451342192,9.872264628073882,0.045166015625,17.986237346558028,2
4.459410195,9.872264628073882,0.045166015625,17.986237346558028,2
4.475039199,9.872264628073882,0.045166015625,17.986237346558028,2
4.482537201,9.872264628073882,0.0452880859375,17.986237346558028,2
4.502445206,9.872264628073882,0.0452880859375,17.986237346558028,2
4.510376208,9.872264628073882,0.0452880859375,17.986237346558028,2
4.522438211,9.853914178324725,0.0452880859375,17.96125864559021,2
4.533911214,9.853914178324725,0.04547119140625,17.96125864559021,2
4.549868219,9.853914178324725,0.04547119140625,17.96125864559021,2
4.558049221,9.872264628073882,0.04547119140625,17.986237346558028,2
4.573889225,9.872264628073882,0.04547119140625,17.986237346558028,2
4.581423227,9.872264628073882,0.045654296875,17.986237346558028,2
4.601607232,9.872264628073882,0.045654296875,17.986237346558028,2
4.610290235,9.872264628073882,0.045654296875,17.986237346558028,2
4.626809239,9.872264628073882,0.045654296875,17.986237346558028,2
4.634214241,9.872264628073882,0.04583740234375,17.986237346558028,2
4.650059245,9.872264628073882,0.04583740234375,17.986237346558028,2
4.662095249,9.872264628073882,0.04583740234375,17.986237346558028,2
4.674452252,9.872264628073882,0.04583740234375,17.986237346558028,2
4.681959254,9.852412018536771,0.04595947265625,17.977477856557293,2
4.702131259,9.852412018536771,0.04595947265625,17.977477856557293,2
4.710318261,9.910457259175153,0.04595947265625,17.990213675383,2
4.726503266,9.910457259175153,0.04595947265625,17.990213675383,2
4.733878268,9.82669187931603,0.046142578125,17.98469309693706,2
4.753242273,9.82669187931603,0.046142578125,17.98469309693706,2
4.761117275,9.82669187931603,0.046142578125,17.98469309693706,2
4.773152278,9.865458454010767,0.046142578125,17.965463965837692,2
4.784398281,9.865458454010767,0.04632568359375,17.965463965837692,2
4.800538285,9.913392196853346,0.04632568359375,18.051307981656976,2
4.812547289,9.913392196853346,0.04632568359375,18.051307981656976,2
4.824787292,9.913392196853346,0.04632568359375,18.051307981656976,2
4.832300294,9.839362241345027,0.04644775390625,17.929808959283594,2
4.852362299,9.839362241345027,0.04644775390625,17.929808959283594,2
4.860509301,9.89567545446976,0.04644775390625,18.041584401049576,2
4.876498306,9.89567545446976,0.04644775390625,18.041584401049576,2
4.883911308,9.89567545446976,0.0465087890625,18.041584401049576,2
4.903717313,9.865458454010767,0.0465087890625,17.965463965837692,2
4.911597315,9.865458454010767,0.0465087890625,17.965463965837692,2
4.923403318,9.865458454010767,0.0465087890625,17.965463965837692,2
4.93090632,9.840641560302833,0.046630859375,17.971029848574606,2
4.951512326,9.840641560302833,0.046630859375,17.971029848574606,2
4.959673328,9.890514692562215,0.046630859375,17.981364475027725,2
4.975690332,9.890514692562215,0.046630859375,17.981364475027725,2
4.983310334,9.884950670380675,0.0467529296875,18.01659130512371,2
5.00318034,9.884950670380675,0.0467529296875,18.01659130512371,2
5.011069342,9.884950670380675,0.0467529296875,18.01659130512371,2
5.023262345,9.853914178324725,0.0467529296875,17.96125864559021,2
5.034496348,9.853914178324725,0.046875,17.96125864559021,2
5.050644352,9.915629955137826,0.046875,18.01220155636802,2
5.062530355,9.915629955137826,0.046875,18.01220155636802,2
5.074046358,9.915629955137826,0.046875,18.01220155636802,2
5.08160436,9.836097285735493,0.04693603515625,17.968541880588226,2
5.101698366,9.836097285735493,0.04693603515625,17.968541880588226,2
5.109841368,9.872154115484767,0.04693603515625,17.971271918812057,2
5.126550372,9.872154115484767,0.04693603515625,17.971271918812057,2
5.133946374,9.872264628073882,0.0469970703125,17.986237346558028,2
5.15365938,9.872264628073882,0.0469970703125,17.986237346558028,2
5.161556382,9.872264628073882,0.0469970703125,17.986237346558028,2
5.173477385,9.852412018536771,0.0469970703125,17.977477856557293,2
5.184754388,9.852412018536771,0.04705810546875,17.977477856557293,2
5.200686392,9.852412018536771,0.04705810546875,17.977477856557293,2
5.208519394,9.872264628073882,0.04705810546875,17.986237346558028,2
5.225166399,9.872264628073882,0.04705810546875,17.986237346558028,2
5.232575401,9.872264628073882,0.047119140625,17.986237346558028,2
5.253073406,9.872264628073882,0.047119140625,17.986237346558028,2
5.260944408,9.872264628073882,0.047119140625,17.986237346558028,2
5.276754412,9.872264628073882,0.047119140625,17.986237346558028,2
5.284157414,9.872264628073882,0.0472412109375,17.986237346558028,2
5.300031419,9.872264628073882,0.0472412109375,17.986237346558028,2
5.312163422,9.872264628073882,0.0472412109375,17.986237346558028,2
5.323794425,9.872264628073882,0.0472412109375,17.986237346558028,2
5.331602427,9.872264628073882,0.04730224609375,17.986237346558028,2
5.351825432,9.872264628073882,0.04730224609375,17.986237346558028,2
5.359883435,9.872264628073882,0.04730224609375,17.986237346558028,2
5.375574439,9.872264628073882,0.04730224609375,17.986237346558028,2
5.383083441,9.872264628073882,0.04730224609375,17.986237346558028,2
5.402757446,9.872264628073882,0.04730224609375,17.986237346558028,2
5.410928448,9.872264628073882,0.04730224609375,17.986237346558028,2
5.423458452,9.853914178324725,0.04730224609375,17.96125864559021,2
5.439556456,9.853914178324725,0.04736328125,17.96125864559021,2
5.451923459,9.872264628073882,0.04736328125,17.986237346558028,2
5.468651464,9.872264628073882,0.04736328125,17.986237346558028,2
5.476825466,9.872264628073882,0.04736328125,17.986237346558028,2
5.484231468,9.890470723520316,0.04736328125,17.996236721404077,2
5.504069473,9.890470723520316,0.04736328125,17.996236721404077,2
5.511957475,9.872264628073882,0.04736328125,17.986237346558028,2
5.527748479,9.872264628073882,0.04736328125,17.986237346558028,2
5.539723482,9.872264628073882,0.04742431640625,17.986237346558028,2
5.555757487,9.872264628073882,0.04742431640625,17.986237346558028,2
5.563169489,9.872264628073882,0.04742431640625,17.986237346558028,2
5.575673492,9.852412018536771,0.04742431640625,17.977477856557293,2
5.591502496,9.852412018536771,0.0474853515625,17.977477856557293,2
5.6037585,9.852412018536771,0.0474853515625,17.977477856557293,2
5.611801502,9.855982757602819,0.0474853515625,17.977305724667534,2
5.627845506,9.855982757602819,0.0474853515625,17.977305724667534,2
5.640554509,9.923370488919154,0.04754638671875,17.97604744821151,2
5.656925514,9.923370488919154,0.04754638671875,17.97604744821151,2
5.668886517,9.835600855537658,0.04754638671875,18.010829566942583,2
5.68125252,9.835600855537658,0.04754638671875,18.010829566942583,2
5.697492524,9.835600855537658,0.04754638671875,18.010829566942583,2
5.709414528,9.857938683017105,0.04754638671875,17.940009896266083,2
5.721831531,9.857938683017105,0.04754638671875,17.940009896266083,2
5.730010533,9.954206518703145,0.04766845703125,18.075872452443125,2
5.750455539,9.954206518703145,0.04766845703125,18.075872452443125,2
5.758616541,9.780083047401106,0.04766845703125,17.8973468540469,2
5.775144545,9.780083047401106,0.04766845703125,17.8973468540469,2
5.782579547,9.780083047401106,0.04766845703125,17.8973468540469,2
5.802978553,9.93919502053612,0.04766845703125,18.04428850512677,2
5.811183555,9.93919502053612,0.04766845703125,18.04428850512677,2
5.823288558,9.872264628073882,0.04766845703125,17.986237346558028,2
5.834786561,9.872264628073882,0.0477294921875,17.986237346558028,2
5.850699565,9.872264628073882,0.0477294921875,17.986237346558028,2
5.858630567,9.853914178324725,0.0477294921875,17.96125864559021,2
5.875374572,9.853914178324725,0.0477294921875,17.96125864559021,2
5.882864574,9.901184905071416,0.04779052734375,18.025503461052455,2
5.903371579,9.901184905071416,0.04779052734375,18.025503461052455,2
5.911224581,9.870654731531316,0.04779052734375,17.987482100869524,2
5.927501586,9.870654731531316,0.04779052734375,17.987482100869524,2
5.934892588,9.870654731531316,0.04779052734375,17.987482100869524,2
5.950895592,9.864385767364475,0.04779052734375,18.003190177504177,2
5.962958595,9.864385767364475,0.04779052734375,18.003190177504177,2
5.975318598,9.864385767364475,0.04779052734375,18.003190177504177,2
5.9828266,9.890514692562215,0.04779052734375,17.981364475027725,2
6.003082606,9.890514692562215,0.04779052734375,17.981364475027725,2
6.011264608,9.855982757602819,0.04779052734375,17.977305724667534,2
6.027463612,9.855982757602819,0.04779052734375,17.977305724667534,2
6.034839614,9.870654731531316,0.04779052734375,17.987482100869524,2
6.053870619,9.870654731531316,0.04779052734375,17.987482100869524,2
6.061640621,9.870654731531316,0.04779052734375,17.987482100869524,2
6.073691625,9.897470139441332,0.04779052734375,18.002211049233168,2
6.084976628,9.897470139441332,0.04779052734375,18.002211049233168,2
6.100902632,9.872264628073882,0.04779052734375,17.986237346558028,2
6.113029635,9.872264628073882,0.04779052734375,17.986237346558028,2
6.125315638,9.872264628073882,0.04779052734375,17.986237346558028,2
6.13286664,9.872264628073882,0.04779052734375,17.986237346558028,2
6.153036646,9.872264628073882,0.04779052734375,17.986237346558028,2
6.161898648,9.855982757602819,0.04779052734375,17.977305724667534,2
6.178294652,9.855982757602819,0.04779052734375,17.977305724667534,2
6.190854656,9.890470723520316,0.0477294921875,17.996236721404077,2
6.20769666,9.890470723520316,0.0477294921875,17.996236721404077,2
6.220100664,9.890470723520316,0.0477294921875,17.996236721404077,2
6.228273666,9.853914178324725,0.04779052734375,17.96125864559021,2
6.249080671,9.853914178324725,0.04779052734375,17.96125864559021,2
6.257285673,9.870654731531316,0.04779052734375,17.987482100869524,2
6.273150678,9.870654731531316,0.04779052734375,17.987482100869524,2
6.28137468,9.870654731531316,0.04779052734375,17.987482100869524,2
6.293849683,9.860672612955103,0.0478515625,17.979877346074495,2
6.310938688,9.860672612955103,0.0478515625,17.979877346074495,2
6.323023691,9.839362241345027,0.0478515625,17.929808959283594,2
6.334686694,9.839362241345027,0.04779052734375,17.929808959283594,2
6.350663698,9.888978745794008,0.04779052734375,18.04003431634113,2
6.362526701,9.888978745794008,0.04779052734375,18.04003431634113,2
6.374176705,9.888978745794008,0.04779052734375,18.04003431634113,2
6.382160707,9.84275866163999,0.0478515625,17.912449178470517,2
6.402514712,9.84275866163999,0.0478515625,17.912449178470517,2
6.410650714,9.9087272940027,0.0478515625,18.04874653783232,2
6.426893719,9.9087272940027,0.0478515625,18.04874653783232,2
6.434281721,9.828764635385898,0.0478515625,17.945340321593584,2
6.454074726,9.828764635385898,0.0478515625,17.945340321593584,2
6.461972728,9.828764635385898,0.0478515625,17.945340321593584,2
6.473983731,9.873930667972989,0.0478515625,17.97011774685791,2
6.485277734,9.873930667972989,0.0478515625,17.97011774685791,2
6.501620738,9.873930667972989,0.0478515625,17.97011774685791,2
6.518101743,9.888978745794008,0.0478515625,18.04003431634113,2
6.525893745,9.888978745794008,0.0478515625,18.04003431634113,2
6.533255747,9.853914178324725,0.04791259765625,17.96125864559021,2
6.554011752,9.853914178324725,0.04791259765625,17.96125864559021,2
6.561905754,9.853914178324725,0.04791259765625,17.96125864559021,2
6.577837759,9.872264628073882,0.04791259765625,17.986237346558028,2
6.585231761,9.872264628073882,0.04791259765625,17.986237346558028,2
6.603426765,9.897470139441332,0.04791259765625,18.002211049233168,2
6.62040177,9.897470139441332,0.04791259765625,18.002211049233168,2
6.629317772,9.828764635385898,0.04791259765625,17.945340321593584,2
6.651580778,9.828764635385898,0.04791259765625,17.945340321593584,2
6.65965478,9.901184905071416,0.04791259765625,18.025503461052455,2
6.675981785,9.901184905071416,0.04791259765625,18.025503461052455,2
6.683400787,9.901184905071416,0.0479736328125,18.025503461052455,2
6.703238792,9.853914178324725,0.0479736328125,17.96125864559021,2
6.711502794,9.853914178324725,0.0479736328125,17.96125864559021,2
6.723572797,9.872264628073882,0.0479736328125,17.986237346558028,2
6.735436801,9.872264628073882,0.0479736328125,17.986237346558028,2
6.751634805,9.872264628073882,0.0479736328125,17.986237346558028,2
6.767677809,9.872264628073882,0.0479736328125,17.986237346558028,2
6.775676811,9.872264628073882,0.0479736328125,17.986237346558028,2
6.783127813,9.872264628073882,0.04803466796875,17.986237346558028,2
6.803503819,9.872264628073882,0.04803466796875,17.986237346558028,2
6.811673821,9.872264628073882,0.04803466796875,17.986237346558028,2
6.828127825,9.872264628073882,0.04803466796875,17.986237346558028,2
6.835518827,9.872264628073882,0.04803466796875,17.986237346558028,2
6.854495832,9.890470723520316,0.04803466796875,17.996236721404077,2
6.862394834,9.890470723520316,0.04803466796875,17.996236721404077,2
6.874341837,9.890470723520316,0.04803466796875,17.996236721404077,2
6.88522784,9.897470139441332,0.048095703125,18.002211049233168,2
6.901298845,9.897470139441332,0.048095703125,18.002211049233168,2
6.909923847,9.872264628073882,0.048095703125,17.986237346558028,2
6.926127851,9.872264628073882,0.048095703125,17.986237346558028,2
6.933552853,9.872264628073882,0.04815673828125,17.986237346558028,2
6.954260859,9.872264628073882,0.04815673828125,17.986237346558028,2
6.962225861,9.872264628073882,0.04815673828125,17.986237346558028,2
6.974150864,9.872154115484767,0.04815673828125,17.971271918812057,2
6.985701867,9.872154115484767,0.0482177734375,17.971271918812057,2
7.001802871,9.872264628073882,0.0482177734375,17.986237346558028,2
7.017968876,9.872264628073882,0.0482177734375,17.986237346558028,2
7.025798878,9.872264628073882,0.0482177734375,17.986237346558028,2
7.03319688,9.853914178324725,0.0482177734375,17.96125864559021,2
7.053288885,9.853914178324725,0.0482177734375,17.96125864559021,2
7.061512887,9.872264628073882,0.0482177734375,17.986237346558028,2
7.077643892,9.872264628073882,0.0482177734375,17.986237346558028,2
7.085025893,9.872264628073882,0.04827880859375,17.986237346558028,2
7.104410899,9.872264628073882,0.04827880859375,17.986237346558028,2
7.112390901,9.872264628073882,0.04827880859375,17.986237346558028,2
7.124444904,9.853914178324725,0.04827880859375,17.96125864559021,2
7.135742907,9.853914178324725,0.04827880859375,17.96125864559021,2
7.151848911,9.853914178324725,0.04827880859375,17.96125864559021,2
7.163555914,9.901184905071416,0.04827880859375,18.025503461052455,2
7.175170917,9.901184905071416,0.04827880859375,18.025503461052455,2
7.182867919,9.853914178324725,0.04827880859375,17.96125864559021,2
7.203374925,9.853914178324725,0.04827880859375,17.96125864559021,2
7.211633927,9.872264628073882,0.04827880859375,17.986237346558028,2
7.227897931,9.872264628073882,0.04827880859375,17.986237346558028,2
7.235303933,9.872264628073882,0.04833984375,17.986237346558028,2
7.276686944,9.872264628073882,0.04833984375,17.986237346558028,2
7.284231946,9.872264628073882,0.04833984375,17.986237346558028,2
7.33589296,9.872264628073882,0.04833984375,17.986237346558028,2
7.355028965,9.872264628073882,0.04833984375,17.986237346558028,2
7.362671967,9.872264628073882,0.04833984375,17.986237346558028,2
7.37420997,9.872264628073882,0.04833984375,17.986237346558028,2
7.385182973,9.872264628073882,0.04833984375,17.986237346558028,2
7.400949977,9.872264628073882,0.04833984375,17.986237346558028,2
7.41259998,9.853914178324725,0.04833984375,17.96125864559021,2
7.424185984,9.853914178324725,0.04833984375,17.96125864559021,2
7.431900986,9.872264628073882,0.04840087890625,17.986237346558028,2
7.451128991,9.872264628073882,0.04840087890625,17.986237346558028,2
7.459158993,9.872264628073882,0.04840087890625,17.986237346558028,2
7.474677997,9.872264628073882,0.04840087890625,17.986237346558028,2
7.482300999,9.872264628073882,0.04840087890625,17.986237346558028,2
7.493837002,9.890470723520316,0.04840087890625,17.996236721404077,2
7.509156006,9.890470723520316,0.04840087890625,17.996236721404077,2
7.521548009,9.890470723520316,0.04840087890625,17.996236721404077,2
7.529547011,9.836097285735493,0.04840087890625,17.968541880588226,2
7.549468017,9.836097285735493,0.04840087890625,17.968541880588226,2
7.557465019,9.872264628073882,0.04840087890625,17.986237346558028,2
7.572515023,9.872264628073882,0.04840087890625,17.986237346558028,2
7.580472025,9.872264628073882,0.04840087890625,17.986237346558028,2
7.592435028,9.855982757602819,0.04840087890625,17.977305724667534,2
7.607937032,9.855982757602819,0.04840087890625,17.977305724667534,2
7.619513035,9.853914178324725,0.04840087890625,17.96125864559021,2
7.632012039,9.853914178324725,0.04840087890625,17.96125864559021,2
7.643539042,9.853914178324725,0.0484619140625,17.96125864559021,2
7.654749045,9.872264628073882,0.0484619140625,17.986237346558028,2
7.670488049,9.872264628073882,0.0484619140625,17.986237346558028,2
7.678489051,9.872264628073882,0.0484619140625,17.986237346558028,2
7.685704053,9.872264628073882,0.0484619140625,17.986237346558028,2
7.704703058,9.872264628073882,0.0484619140625,17.986237346558028,2
7.71233906,9.872264628073882,0.0484619140625,17.986237346558028,2
7.727783064,9.872264628073882,0.0484619140625,17.986237346558028,2
7.734995066,9.872264628073882,0.0484619140625,17.986237346558028,2
7.754325071,9.872264628073882,0.0484619140625,17.986237346558028,2
7.762003073,9.872264628073882,0.0484619140625,17.986237346558028,2
7.774085076,9.872264628073882,0.0484619140625,17.986237346558028,2
7.785330079,9.872264628073882,0.0484619140625,17.986237346558028,2
7.801226084,9.872264628073882,0.0484619140625,17.986237346558028,2
7.809246086,9.872264628073882,0.0484619140625,17.986237346558028,2
7.82484509,9.872264628073882,0.0484619140625,17.986237346558028,2
7.832504092,9.872264628073882,0.04852294921875,17.986237346558028,2
7.851960097,9.872264628073882,0.04852294921875,17.986237346558028,2
7.859898099,9.872264628073882,0.04852294921875,17.986237346558028,2
7.875071103,9.872264628073882,0.04852294921875,17.986237346558028,2
7.882731105,9.872264628073882,0.04852294921875,17.986237346558028,2
7.894282108,9.890470723520316,0.04852294921875,17.996236721404077,2
7.909421112,9.890470723520316,0.04852294921875,17.996236721404077,2
7.921817116,9.890470723520316,0.04852294921875,17.996236721404077,2
7.929808118,9.890470723520316,0.04852294921875,17.996236721404077,2
7.949736123,9.853914178324725,0.04852294921875,17.96125864559021,2
7.957731125,9.853914178324725,0.04852294921875,17.96125864559021,2
7.973044129,9.872264628073882,0.04852294921875,17.986237346558028,2
7.981479131,9.872264628073882,0.04852294921875,17.986237346558028,2
7.993178135,9.872264628073882,0.04852294921875,17.986237346558028,2
8.008701139,9.872264628073882,0.04852294921875,17.986237346558028,2
8.020725142,9.872264628073882,0.04852294921875,17.986237346558028,2
8.033286145,9.872264628073882,0.048583984375,17.986237346558028,2
8.049211149,9.872264628073882,0.048583984375,17.986237346558028,2
8.057052151,9.872264628073882,0.048583984375,17.986237346558028,2
8.072786156,9.872264628073882,0.048583984375,17.986237346558028,2
8.081176158,9.872264628073882,0.048583984375,17.986237346558028,2
8.101938163,9.872264628073882,0.048583984375,17.986237346558028,2
8.110039166,9.872264628073882,0.048583984375,17.986237346558028,2
8.12589217,9.872264628073882,0.048583984375,17.986237346558028,2
8.133325172,9.872264628073882,0.048583984375,17.986237346558028,2
8.149223176,9.872264628073882,0.048583984375,17.986237346558028,2
8.16339618,9.872264628073882,0.048583984375,17.986237346558028,2
8.175063183,9.872264628073882,0.048583984375,17.986237346558028,2
8.185947186,9.872264628073882,0.048583984375,17.986237346558028,2
8.20168919,9.872264628073882,0.048583984375,17.986237346558028,2
8.209838192,9.872264628073882,0.048583984375,17.986237346558028,2
8.225912196,9.872264628073882,0.048583984375,17.986237346558028,2
8.233354198,9.872264628073882,0.048583984375,17.986237346558028,2
8.245025201,9.872264628073882,0.048583984375,17.986237346558028,2
8.261708206,9.872264628073882,0.048583984375,17.986237346558028,2
8.273755209,9.872264628073882,0.048583984375,17.986237346558028,2
8.285447212,9.872264628073882,0.048583984375,17.986237346558028,2
8.301766216,9.872264628073882,0.048583984375,17.986237346558028,2
8.31380222,9.872264628073882,0.048583984375,17.986237346558028,2
8.325480223,9.872264628073882,0.048583984375,17.986237346558028,2
8.333415225,9.872264628073882,0.048583984375,17.986237346558028,2
8.35343023,9.872264628073882,0.048583984375,17.986237346558028,2
8.361588232,9.872264628073882,0.048583984375,17.986237346558028,2
8.377400236,9.872264628073882,0.048583984375,17.986237346558028,2
8.384813238,9.872264628073882,0.048583984375,17.986237346558028,2
8.404266244,9.872264628073882,0.048583984375,17.986237346558028,2
8.412526246,9.872264628073882,0.048583984375,17.986237346558028,2
8.424528249,9.872264628073882,0.048583984375,17.986237346558028,2
8.436079252,9.872264628073882,0.048583984375,17.986237346558028,2
8.452230256,9.872264628073882,0.048583984375,17.986237346558028,2
8.460032258,9.872264628073882,0.048583984375,17.986237346558028,2
8.476049263,9.872264628073882,0.048583984375,17.986237346558028,2
8.483521265,9.853914178324725,0.048583984375,17.96125864559021,2
8.50353927,9.853914178324725,0.048583984375,17.96125864559021,2
8.511707272,9.872264628073882,0.048583984375,17.986237346558028,2
8.528021276,9.872264628073882,0.048583984375,17.986237346558028,2
8.535415278,9.872264628073882,0.048583984375,17.986237346558028,2
8.551581283,9.872264628073882,0.048583984375,17.986237346558028,2
8.563672286,9.872264628073882,0.048583984375,17.986237346558028,2
8.575398289,9.872264628073882,0.048583984375,17.986237346558028,2
8.583320291,9.897470139441332,0.048583984375,18.002211049233168,2
8.603542296,9.897470139441332,0.048583984375,18.002211049233168,2
8.611650298,9.872154115484767,0.048583984375,17.971271918812057,2
8.628175303,9.872154115484767,0.048583984375,17.971271918812057,2
8.635669305,9.864385767364475,0.048583984375,18.003190177504177,2
8.65632031,9.864385767364475,0.048583984375,18.003190177504177,2
8.663711312,9.864385767364475,0.048583984375,18.003190177504177,2
8.675365315,9.910009976255937,0.048583984375,17.92815133329402,2
8.69128932,9.910009976255937,0.04864501953125,17.92815133329402,2
8.703652323,9.811424633799444,0.04864501953125,18.040128626058255,2
8.720145327,9.811424633799444,0.04864501953125,18.040128626058255,2
8.728257329,9.811424633799444,0.04864501953125,18.040128626058255,2
8.735714331,9.77113984907571,0.04852294921875,17.873195334080457,2
8.755512337,9.77113984907571,0.04852294921875,17.873195334080457,2
8.763355339,10.084637854395014,0.04852294921875,18.088866967123643,2
8.779023343,10.084637854395014,0.04852294921875,18.088866967123643,2
8.786478345,9.728389951318865,0.04864501953125,17.9503745377338,2
8.80685535,9.728389951318865,0.04864501953125,17.9503745377338,2
8.814240352,9.728389951318865,0.04864501953125,17.9503745377338,2
8.826500355,9.81745620255382,0.04864501953125,17.896419230926128,2
8.841816359,9.81745620255382,0.04864501953125,17.896419230926128,2
8.853869363,9.81745620255382,0.04864501953125,17.896419230926128,2
8.862006365,10.025697876952101,0.04864501953125,18.09419604237563,2
8.878851369,10.025697876952101,0.04864501953125,18.09419604237563,2
8.886269371,9.756519192214347,0.048583984375,17.908010895910436,2
8.906525377,9.756519192214347,0.048583984375,17.908010895910436,2
8.913905379,9.756519192214347,0.048583984375,17.908010895910436,2
8.925596382,9.78213760199953,0.048583984375,17.855642415339,2
8.941520386,9.78213760199953,0.0487060546875,17.855642415339,2
8.953806389,9.986307306415323,0.0487060546875,18.032109100661632,2
8.970923394,9.986307306415323,0.0487060546875,18.032109100661632,2
8.979059396,9.986307306415323,0.0487060546875,18.032109100661632,2
8.986567398,9.943475042602136,0.048828125,18.110171752991512,2
9.005759403,9.943475042602136,0.048828125,18.110171752991512,2
9.013543405,9.795672523890971,0.048828125,18.008198138495494,2
9.029688409,9.795672523890971,0.048828125,18.008198138495494,2
9.041678412,9.881158767269373,0.0489501953125,17.99112068727194,2
9.057583417,9.881158767269373,0.0489501953125,17.99112068727194,2
9.064972419,9.881158767269373,0.0489501953125,17.99112068727194,2
9.076478422,9.949943381296983,0.0489501953125,17.990730204497417,2
9.087283424,9.949943381296983,0.04888916015625,17.990730204497417,2
9.103178429,9.949943381296983,0.04888916015625,17.990730204497417,2
9.115349432,9.822025413708674,0.04888916015625,17.958711207309367,2
9.126748435,9.822025413708674,0.04888916015625,17.958711207309367,2
9.134177437,9.876127927079077,0.0489501953125,18.009626671089862,2
9.154419442,9.876127927079077,0.0489501953125,18.009626671089862,2
9.162674444,9.903306012171043,0.0489501953125,17.96497898609133,2
9.178746449,9.903306012171043,0.0489501953125,17.96497898609133,2
9.186133451,9.903306012171043,0.04888916015625,17.96497898609133,2
9.202320455,9.852412018536771,0.04888916015625,17.977477856557293,2
9.214192458,9.852412018536771,0.04888916015625,17.977477856557293,2
9.225983461,9.852412018536771,0.04888916015625,17.977477856557293,2
9.233815463,9.844541293840603,0.048828125,17.973165574993537,2
9.253962469,9.844541293840603,0.048828125,17.973165574993537,2
9.262202471,9.875007725966123,0.048828125,17.94939490868399,2
9.277913475,9.875007725966123,0.048828125,17.94939490868399,2
9.285323477,9.875007725966123,0.048828125,17.94939490868399,2
9.304959482,9.857651549298282,0.048828125,17.96117810911586,2
9.313033484,9.857651549298282,0.048828125,17.96117810911586,2
9.325681488,9.890470723520316,0.048828125,17.996236721404077,2
9.341639492,9.890470723520316,0.048828125,17.996236721404077,2
9.353970495,9.83003834838217,0.048828125,17.965225894228663,2
9.369924499,9.83003834838217,0.048828125,17.965225894228663,2
9.378397502,9.83003834838217,0.048828125,17.965225894228663,2
9.385821504,9.872264628073882,0.048828125,17.986237346558028,2
9.405839509,9.872264628073882,0.048828125,17.986237346558028,2
9.413630511,9.901009987839467,0.048828125,17.985011086437975,2
9.429436515,9.901009987839467,0.048828125,17.985011086437975,2
9.436871517,9.901009987839467,0.04876708984375,17.985011086437975,2
9.455860522,9.873930667972989,0.04876708984375,17.97011774685791,2
9.463700524,9.873930667972989,0.04876708984375,17.97011774685791,2
9.475706527,9.873930667972989,0.04876708984375,17.97011774685791,2
9.48669653,9.876127927079077,0.048828125,18.009626671089862,2
9.502512534,9.876127927079077,0.048828125,18.009626671089862,2
9.510652537,9.60406833910033,0.048828125,17.546189149274248,2
9.527297541,9.60406833910033,0.048828125,17.546189149274248,2
9.534726543,9.60406833910033,0.0606689453125,17.546189149274248,2
9.555058548,10.156647378043312,0.0606689453125,18.349488711185227,2
9.56319755,10.156647378043312,0.0606689453125,18.349488711185227,2
9.575251554,10.031111576634498,0.0606689453125,18.263541536703407,2
9.586664557,10.031111576634498,0.069091796875,18.263541536703407,2
9.602565561,9.70205874274405,0.069091796875,17.87625712635775,2
9.614436564,9.70205874274405,0.069091796875,17.87625712635775,2
9.626233567,9.70205874274405,0.069091796875,17.87625712635775,2
9.634055569,9.854608656236843,0.0679931640625,17.99783491888894,2
9.654203575,9.854608656236843,0.0679931640625,17.99783491888894,2
9.662751577,9.870351735565915,0.0679931640625,18.04892914784113,2
9.678969581,9.870351735565915,0.0679931640625,18.04892914784113,2
9.686383583,10.039988101785001,0.06036376953125,18.20544523168781,2
9.705966588,10.039988101785001,0.06036376953125,18.20544523168781,2
9.71371659,10.039988101785001,0.06036376953125,18.20544523168781,2
9.725730593,9.845025648991315,0.06036376953125,17.913694971426104,2
9.737111596,9.845025648991315,0.06134033203125,17.913694971426104,2
9.753266601,9.845025648991315,0.06134033203125,17.913694971426104,2
9.769480605,9.720159005328421,0.06134033203125,17.905339387704082,2
9.777533607,9.720159005328421,0.06134033203125,17.905339387704082,2
9.784984609,9.907847182461769,0.0596923828125,18.196131066548617,2
9.804679614,9.907847182461769,0.0596923828125,18.196131066548617,2
9.812853617,10.080072637629295,0.0596923828125,18.515138789106683,2
9.828981621,10.080072637629295,0.0596923828125,18.515138789106683,2
9.836412623,10.080072637629295,0.029052734375,18.515138789106683,2
9.852595627,10.869850079328156,0.029052734375,18.993005705971616,2
9.86449463,10.869850079328156,0.029052734375,18.993005705971616,2
9.876254633,10.869850079328156,0.029052734375,18.993005705971616,2
9.884068635,10.070596600676382,0.00048828125,18.51204954599989,2
9.904302641,10.070596600676382,0.00048828125,18.51204954599989,2
9.912562643,9.592191190543353,0.00048828125,17.8168672003789,2
9.928865647,9.592191190543353,0.00048828125,17.8168672003789,2
9.936290649,9.995424368218753,-0.03900146484375,17.78495876578805,2
9.955840654,9.995424368218753,-0.03900146484375,17.78495876578805,2
9.963587656,9.995424368218753,-0.03900146484375,17.78495876578805,2
9.97558366,9.865355598703333,-0.03900146484375,17.196781779997885,2
9.986976663,9.865355598703333,-0.079833984375,17.196781779997885,2
10.002873667,9.54023734191341,-0.079833984375,16.63232556018668,2
10.01487367,9.54023734191341,-0.079833984375,16.63232556018668,2
10.027096673,9.54023734191341,-0.079833984375,16.63232556018668,2
10.034501675,9.66951060937443,-0.125732421875,17.2146484984389,2
10.05423068,9.66951060937443,-0.125732421875,17.2146484984389,2
10.062635683,10.643812332374,-0.125732421875,17.76080983420511,2
10.078168687,10.643812332374,-0.125732421875,17.76080983420511,2
10.085583689,10.643812332374,-0.1748046875,17.76080983420511,2
10.105954694,9.811369423821688,-0.1748046875,16.197458364530625,2
10.113726696,9.811369423821688,-0.1748046875,16.197458364530625,2
10.125721699,9.811369423821688,-0.1748046875,16.197458364530625,2
10.136839702,9.998175645354085,-0.210693359375,17.074938249825433,2
10.153013706,9.998175645354085,-0.210693359375,17.074938249825433,2
10.161243709,9.39598319081459,-0.210693359375,16.480465713142646,2
10.177808713,9.39598319081459,-0.210693359375,16.480465713142646,2
10.185190715,9.39598319081459,-0.31134033203125,16.480465713142646,2
10.20534372,10.292503250859108,-0.31134033203125,16.853801445636687,2
10.213535723,10.292503250859108,-0.31134033203125,16.853801445636687,2
10.225488726,10.965385073028886,-0.31134033203125,16.966602703541,2
10.237026729,10.965385073028886,-0.38226318359375,16.966602703541,2
10.253010733,10.322415480522912,-0.38226318359375,15.211172254383916,2
10.265057736,10.322415480522912,-0.38226318359375,15.211172254383916,2
10.277275739,10.322415480522912,-0.38226318359375,15.211172254383916,2
10.284689741,10.204487310947908,-0.44818115234375,14.365692596575247,2
10.304762747,10.204487310947908,-0.44818115234375,14.365692596575247,2
10.312944749,11.176838659124922,-0.44818115234375,14.278945511210182,2
10.329169753,11.176838659124922,-0.44818115234375,14.278945511210182,2
10.336871755,11.098410387743176,-0.50347900390625,12.800782227456478,2
10.357737761,11.098410387743176,-0.50347900390625,12.800782227456478,2
10.365124763,11.098410387743176,-0.50347900390625,12.800782227456478,2
10.377270766,9.398275955853968,-0.50347900390625,9.911345945046152,2
10.39192077,9.398275955853968,-0.53265380859375,9.911345945046152,2
10.404474773,9.398275955853968,-0.53265380859375,9.911345945046152,2
10.420247777,8.753720609644722,-0.53265380859375,8.7204214067738,2
10.428058779,8.753720609644722,-0.53265380859375,8.7204214067738,2
10.435469781,9.16037696295931,-0.52581787109375,8.619527603268965,2
10.455197786,9.16037696295931,-0.52581787109375,8.619527603268965,2
10.463364789,8.889870663572056,-0.52581787109375,7.8195140779359855,2
10.479250793,8.889870663572056,-0.52581787109375,7.8195140779359855,2
10.486652795,8.889870663572056,-0.500244140625,7.8195140779359855,2
10.502912799,8.915834857491175,-0.500244140625,7.041789453402785,2
10.514963802,8.915834857491175,-0.500244140625,7.041789453402785,2
10.526656805,8.915834857491175,-0.500244140625,7.041789453402785,2
10.534456807,8.948176909019914,-0.47296142578125,6.807086931655655,2
10.554686813,8.948176909019914,-0.47296142578125,6.807086931655655,2
10.562857815,9.004540040058005,-0.47296142578125,6.723433187963409,2
10.579233819,9.004540040058005,-0.47296142578125,6.723433187963409,2
10.586647821,9.381776522220651,-0.4498291015625,6.738178033629761,2
10.607762827,9.381776522220651,-0.4498291015625,6.738178033629761,2
10.615157829,9.381776522220651,-0.4498291015625,6.738178033629761,2
10.626659832,9.065693470204202,-0.4498291015625,6.39923711044552,2
10.641311836,9.065693470204202,-0.4293212890625,6.39923711044552,2
10.653989839,9.149006240327246,-0.4293212890625,6.10422007184758,2
10.670931843,9.149006240327246,-0.4293212890625,6.10422007184758,2
10.679207846,9.149006240327246,-0.4293212890625,6.10422007184758,2
10.686627848,8.720679285031803,-0.408935546875,4.790250222314364,2
10.706601853,8.720679285031803,-0.408935546875,4.790250222314364,2
10.714335855,9.01449435067977,-0.408935546875,5.085320383067079,2
10.730082859,9.01449435067977,-0.408935546875,5.085320383067079,2
10.737504861,8.922767714751194,-0.39013671875,4.359920720770763,2
10.757928866,8.922767714751194,-0.39013671875,4.359920720770763,2
10.765302868,8.922767714751194,-0.39013671875,4.359920720770763,2
10.777647872,8.911939657393964,-0.39013671875,3.2476211997447075,2
10.793453876,8.911939657393964,-0.3697509765625,3.2476211997447075,2
10.805548879,8.911939657393964,-0.3697509765625,3.2476211997447075,2
10.813384881,9.98759835854845,-0.3697509765625,4.162323085931664,2
10.829651885,9.98759835854845,-0.3697509765625,4.162323085931664,2
10.837072887,11.894544078400306,-0.3477783203125,4.714491365249046,2
10.856743892,11.894544078400306,-0.3477783203125,4.714491365249046,2
10.864538895,11.894544078400306,-0.3477783203125,4.714491365249046,2
10.876588898,12.774193044359802,-0.3477783203125,4.016723843453805,2
10.892970902,12.774193044359802,-0.32830810546875,4.016723843453805,2
10.905250905,11.189704549944071,-0.32830810546875,3.2361899534852805,2
10.92151691,11.189704549944071,-0.32830810546875,3.2361899534852805,2
10.929726912,11.189704549944071,-0.32830810546875,3.2361899534852805,2
10.937168914,9.73060831393288,-0.31634521484375,3.501078499431238,2
10.956841919,9.73060831393288,-0.31634521484375,3.501078499431238,2
10.964626921,8.506608974217304,-0.31634521484375,3.6345850850178727,2
10.980827925,8.506608974217304,-0.31634521484375,3.6345850850178727,2
10.992959928,9.383552414102194,-0.318115234375,2.934247076884141,2
11.008699933,9.383552414102194,-0.318115234375,2.934247076884141,2
11.016107935,9.383552414102194,-0.318115234375,2.934247076884141,2
11.028133938,13.873605469053008,-0.318115234375,4.874813197542804,2
11.043901942,13.873605469053008,-0.3258056640625,4.874813197542804,2
11.056059945,14.144011270130207,-0.3258056640625,4.9600836494529315,2
11.072163949,14.144011270130207,-0.3258056640625,4.9600836494529315,2
11.080324952,14.144011270130207,-0.3258056640625,4.9600836494529315,2
11.087736953,9.265456199716622,-0.33587646484375,2.225475474784476,2
11.108075959,9.265456199716622,-0.33587646484375,2.225475474784476,2
11.115442961,7.890286579995249,-0.33587646484375,3.1371858112730795,2
11.131841965,7.890286579995249,-0.33587646484375,3.1371858112730795,2
11.144255968,8.045085700641359,-0.35015869140625,3.1762247922122993,2
11.160666973,8.045085700641359,-0.35015869140625,3.1762247922122993,2
11.172948976,8.045085700641359,-0.35015869140625,3.1762247922122993,2
11.181249978,8.045085700641359,-0.35015869140625,3.1762247922122993,2
11.192095981,9.830913784828272,-0.367431640625,2.7493164322657666,2
11.208520985,9.830913784828272,-0.367431640625,2.7493164322657666,2
11.215897987,11.95144557748566,-0.367431640625,3.5112125956144493,2
11.231809992,11.95144557748566,-0.367431640625,3.5112125956144493,2
11.244302995,11.464871699284501,-0.39276123046875,3.4803693167614678,2
11.261545999,11.464871699284501,-0.39276123046875,3.4803693167614678,2
11.274131003,9.665387123750042,-0.39276123046875,3.7387776414161253,2
11.286191006,9.665387123750042,-0.4244384765625,3.7387776414161253,2
11.30307201,9.822581560898735,-0.4244384765625,3.957743488467616,2
11.315246014,9.822581560898735,-0.4244384765625,3.957743488467616,2
11.327042017,9.822581560898735,-0.4244384765625,3.957743488467616,2
11.334865019,8.905170576035097,-0.456298828125,3.6727289565500545,2
11.355165024,8.905170576035097,-0.456298828125,3.6727289565500545,2
11.363356026,8.94091646212049,-0.456298828125,3.3147850130313414,2
11.379857031,8.94091646212049,-0.456298828125,3.3147850130313414,2
11.387283033,8.94091646212049,-0.4898681640625,3.3147850130313414,2
11.406782038,9.409549780685328,-0.4898681640625,2.8733585879933807,2
11.41454204,9.409549780685328,-0.4898681640625,2.8733585879933807,2
11.426608043,9.409549780685328,-0.4898681640625,2.8733585879933807,2
11.437578046,9.338544843807556,-0.52459716796875,3.393925794681535,2
11.45382105,9.338544843807556,-0.52459716796875,3.393925794681535,2
11.461992052,11.89977755298589,-0.52459716796875,5.25678307623083,2
11.478461057,11.89977755298589,-0.52459716796875,5.25678307623083,2
11.485866059,11.89977755298589,-0.5516357421875,5.25678307623083,2
11.506133064,11.131059346609126,-0.5516357421875,3.2703470271110944,2
11.514253066,11.131059346609126,-0.5516357421875,3.2703470271110944,2
11.526297069,9.560100578513234,-0.5516357421875,2.5976957233842963,2
11.537754072,9.560100578513234,-0.57958984375,2.5976957233842963,2
11.554084077,9.337713939253447,-0.57958984375,2.3518799100566605,2
11.56612308,9.337713939253447,-0.57958984375,2.3518799100566605,2
11.578302083,9.337713939253447,-0.57958984375,2.3518799100566605,2
11.585948085,9.469421161496042,-0.60443115234375,1.650927658557171,2
11.60590409,9.469421161496042,-0.60443115234375,1.650927658557171,2
11.614101092,9.919767092770106,-0.60443115234375,1.9691918836935844,2
11.632581097,9.919767092770106,-0.60443115234375,1.9691918836935844,2
11.645041101,9.896937472667524,-0.6290283203125,2.562102913212236,2
11.661496105,9.896937472667524,-0.6290283203125,2.562102913212236,2
11.674366108,9.693623631611047,-0.6290283203125,2.9114689782527523,2
11.685911111,9.693623631611047,-0.65460205078125,2.9114689782527523,2
11.702909116,9.693623631611047,-0.65460205078125,2.9114689782527523,2
11.711200118,9.487394301638655,-0.65460205078125,2.889478869063698,2
11.728610123,9.487394301638655,-0.65460205078125,2.889478869063698,2
11.735964125,9.487394301638655,-0.6781005859375,2.889478869063698,2
11.75566513,9.605672082536785,-0.6781005859375,2.7467933408297327,2
11.763840132,9.549376014975566,-0.6781005859375,2.557944932048113,2
11.779883136,9.549376014975566,-0.6781005859375,2.557944932048113,2
11.787279138,9.549376014975566,-0.69866943359375,2.557944932048113,2
11.803503142,9.620345934954893,-0.69866943359375,2.1827719551531546,2
11.815477146,9.620345934954893,-0.69866943359375,2.1827719551531546,2
11.827221149,9.620345934954893,-0.69866943359375,2.1827719551531546,2
11.835016151,9.644282063153891,-0.7169189453125,1.9615017241062715,2
11.855378156,9.644282063153891,-0.7169189453125,1.9615017241062715,2
11.863727158,9.993548028466448,-0.7169189453125,1.561270219169515,2
11.879982163,9.993548028466448,-0.7169189453125,1.561270219169515,2
11.887394164,10.251858426465372,-0.73260498046875,1.2418388366809365,2
11.90709517,10.251858426465372,-0.73260498046875,1.2418388366809365,2
11.914855172,10.251858426465372,-0.73260498046875,1.2418388366809365,2
11.926887175,10.259604815332649,-0.73260498046875,1.0433376571354427,2
11.938203178,10.259604815332649,-0.746826171875,1.0433376571354427,2
11.954502182,10.04993407574188,-0.746826171875,1.1273253420188034,2
11.970830186,10.04993407574188,-0.746826171875,1.1273253420188034,2
11.978654189,10.04993407574188,-0.746826171875,1.1273253420188034,2
11.986078191,9.915832313464664,-0.7591552734375,1.3162372387795447,2
12.006054196,9.915832313464664,-0.7591552734375,1.3162372387795447,2
12.014325198,9.785920316975574,-0.7591552734375,1.1136309757703908,2
12.030377202,9.785920316975574,-0.7591552734375,1.1136309757703908,2
12.037803204,9.785920316975574,-0.7666015625,1.1136309757703908,2
12.057131209,9.77496896724214,-0.7666015625,1.0128947677557008,2
12.064910211,9.77496896724214,-0.7666015625,1.0128947677557008,2
12.076907214,9.77496896724214,-0.7666015625,1.0128947677557008,2
12.087942217,9.763122335567541,-0.76812744140625,0.9333047408311032,2
12.104008222,9.763122335567541,-0.76812744140625,0.9333047408311032,2
12.112375224,9.780164957040043,-0.76812744140625,0.6016137356427815,2
12.128791228,9.780164957040043,-0.76812744140625,0.6016137356427815,2
12.13620623,9.780164957040043,-0.76824951171875,0.6016137356427815,2
12.156482235,9.786512817642596,-0.76824951171875,0.7501387404226052,2
12.164612238,9.786512817642596,-0.76824951171875,0.7501387404226052,2
12.176593241,9.691522759779307,-0.76824951171875,0.49369869689954893,2
12.188492244,9.691522759779307,-0.76812744140625,0.49369869689954893,2
12.204724248,9.813311695130306,-0.76812744140625,0.567746797244379,2
12.220913252,9.813311695130306,-0.76812744140625,0.567746797244379,2
12.228725255,9.813311695130306,-0.76812744140625,0.567746797244379,2
12.236151256,9.809906635054004,-0.76800537109375,0.5054880695689686,2
12.256483262,9.809906635054004,-0.76800537109375,0.5054880695689686,2
12.264692264,9.774810523809,-0.76800537109375,0.507181699558637,2
12.280935268,9.774810523809,-0.76800537109375,0.507181699558637,2
12.28835227,9.809906635054004,-0.76788330078125,0.5054880695689686,2
12.308584276,9.809906635054004,-0.76788330078125,0.5054880695689686,2
12.315973278,9.809906635054004,-0.76788330078125,0.5054880695689686,2
12.327672281,9.774797255030569,-0.76788330078125,0.5069259087412332,2
12.338870284,9.774797255030569,-0.76788330078125,0.5069259087412332,2
12.354742288,9.774797255030569,-0.76788330078125,0.5069259087412332,2
12.366726291,9.776152918891698,-0.76788330078125,0.5324268903377135,2
12.378963294,9.776152918891698,-0.76788330078125,0.5324268903377135,2
12.386384296,9.774797255030569,-0.76788330078125,0.5069259087412332,2
12.405785301,9.774797255030569,-0.76788330078125,0.5069259087412332,2
12.420212305,9.774797255030569,-0.76788330078125,0.5069259087412332,2
12.436264309,9.774797255030569,-0.76788330078125,0.5069259087412332,2
12.452568313,9.774797255030569,-0.76788330078125,0.5069259087412332,2
12.464844317,9.774797255030569,-0.76788330078125,0.5069259087412332,2
12.47679932,9.774797255030569,-0.76788330078125,0.5069259087412332,2
12.484786322,9.576342169414328,-0.76788330078125,0.5668591938948554,2
12.505157327,9.576342169414328,-0.76788330078125,0.5668591938948554,2
12.51332933,10.31276707158906,-0.76788330078125,0.8529593617820029,2
12.529495334,10.31276707158906,-0.76788330078125,0.8529593617820029,2
12.536918336,10.31276707158906,-0.7679443359375,0.8529593617820029,2
12.556593341,9.200525716605224,-0.7679443359375,0.8762410980512517,2
12.564740343,9.200525716605224,-0.7679443359375,0.8762410980512517,2
12.576849346,10.076606293031679,-0.7679443359375,0.5257679000905482,2
12.588367349,10.076606293031679,-0.7681884765625,0.5257679000905482,2
12.604419354,9.627811169980676,-0.7681884765625,0.6837839021245585,2
12.616456357,9.627811169980676,-0.7681884765625,0.6837839021245585,2
12.62865136,9.627811169980676,-0.7681884765625,0.6837839021245585,2
12.636094362,9.885632163225656,-0.76812744140625,0.5406345961937346,2
12.661540369,9.609686224634887,-0.76812744140625,0.44209086841677725,2
12.677633373,9.609686224634887,-0.76812744140625,0.44209086841677725,2
12.685378375,9.609686224634887,-0.76812744140625,0.44209086841677725,2
12.702288379,9.78454807241731,-0.76812744140625,0.7240552336978945,2
12.714941383,9.78454807241731,-0.76812744140625,0.7240552336978945,2
12.726960386,9.78454807241731,-0.76812744140625,0.7240552336978945,2
12.738113389,9.73133511172237,-0.7681884765625,0.4181154824215734,2
12.754882393,9.73133511172237,-0.7681884765625,0.4181154824215734,2
12.763074395,9.818563543791758,-0.7681884765625,0.590658584527951,2
12.7791704,9.818563543791758,-0.7681884765625,0.590658584527951,2
12.786907402,9.732369940472008,-0.76812744140625,0.5210802799983176,2
12.806939407,9.732369940472008,-0.76812744140625,0.5210802799983176,2
12.814992409,9.732369940472008,-0.76812744140625,0.5210802799983176,2
12.826968412,9.777777594749372,-0.76812744140625,0.5614687813073961,2
12.838436415,9.777777594749372,-0.7681884765625,0.5614687813073961,2
12.854459419,9.72934589316204,-0.7681884765625,0.4611632127447533,2
12.866475423,9.72934589316204,-0.7681884765625,0.4611632127447533,2
12.877912426,9.72934589316204,-0.7681884765625,0.4611632127447533,2
12.885757428,9.773751306412978,-0.7681884765625,0.5595440997896189,2
12.906017433,9.773751306412978,-0.7681884765625,0.5595440997896189,2
12.914201435,9.734439267945952,-0.7681884765625,0.48502099060569026,2
12.930649439,9.734439267945952,-0.7681884765625,0.48502099060569026,2
12.938010441,9.773454673745903,-0.7681884765625,0.48034233601216647,2
12.958056447,9.773454673745903,-0.7681884765625,0.48034233601216647,2
12.965876449,9.773454673745903,-0.7681884765625,0.48034233601216647,2
12.977667452,9.773751306412978,-0.7681884765625,0.5595440997896189,2
12.988869455,9.773751306412978,-0.768310546875,0.5595440997896189,2
13.004730459,9.773751306412978,-0.768310546875,0.5595440997896189,2
13.017000462,9.774810523809,-0.768310546875,0.507181699558637,2
13.028593465,9.774810523809,-0.768310546875,0.507181699558637,2
13.036106467,9.774797255030569,-0.76837158203125,0.5069259087412332,2
13.056041472,9.774797255030569,-0.76837158203125,0.5069259087412332,2
13.064234475,9.774810523809,-0.76837158203125,0.507181699558637,2
13.079825479,9.774810523809,-0.76837158203125,0.507181699558637,2
13.087246481,9.774810523809,-0.76837158203125,0.507181699558637,2
13.103234485,9.776152918891698,-0.76837158203125,0.5324268903377135,2
13.115596488,9.776152918891698,-0.76837158203125,0.5324268903377135,2
13.127614491,9.776152918891698,-0.76837158203125,0.5324268903377135,2
13.135379493,9.774810523809,-0.76837158203125,0.507181699558637,2
13.155907499,9.774810523809,-0.76837158203125,0.507181699558637,2
13.164117501,9.734439267945952,-0.76837158203125,0.48502099060569026,2
13.179750505,9.734439267945952,-0.76837158203125,0.48502099060569026,2
13.187176507,9.734439267945952,-0.7684326171875,0.48502099060569026,2
13.206943512,9.846504141004976,-0.7684326171875,0.5346319283657917,2
13.215157514,9.846504141004976,-0.7684326171875,0.5346319283657917,2
13.227139518,9.657213082787766,-0.7684326171875,0.5186058487591397,2
13.238902521,9.657213082787766,-0.7684326171875,0.5186058487591397,2
13.254757525,9.81004662427798,-0.7684326171875,0.5081975703481988,2
13.266663528,9.81004662427798,-0.7684326171875,0.5081975703481988,2
13.278160531,9.81004662427798,-0.7684326171875,0.5081975703481988,2
13.286021533,9.653598853546553,-0.7684326171875,0.5250912541599915,2
13.306257538,9.653598853546553,-0.7684326171875,0.5250912541599915,2
13.314454541,10.090633891584035,-0.7684326171875,0.7478835698050698,2
13.331365545,10.090633891584035,-0.7684326171875,0.7478835698050698,2
13.338871547,10.090633891584035,-0.7684326171875,0.7478835698050698,2
13.358285552,9.658161060638934,-0.7684326171875,0.5359688174158901,2
13.366092554,9.658161060638934,-0.7684326171875,0.5359688174158901,2
13.377922557,9.774810523809,-0.7684326171875,0.507181699558637,2
13.394005561,9.774810523809,-0.7684326171875,0.507181699558637,2
13.406301565,9.774810523809,-0.7684326171875,0.507181699558637,2
13.414225567,9.694243809452566,-0.7684326171875,0.5445071506503613,2
13.430039571,9.694243809452566,-0.7684326171875,0.5445071506503613,2
13.437434573,9.812639174719623,-0.7684326171875,0.48226037909223635,2
13.457427578,9.812639174719623,-0.7684326171875,0.48226037909223635,2
13.46536258,9.812639174719623,-0.7684326171875,0.48226037909223635,2
13.477309583,9.737148324592637,-0.7684326171875,0.5366516515554458,2
13.488813586,9.737148324592637,-0.7684326171875,0.5366516515554458,2
13.504697591,9.809919856343916,-0.7684326171875,0.5057445876038863,2
13.516658594,9.809919856343916,-0.7684326171875,0.5057445876038863,2
13.528432597,9.809919856343916,-0.7684326171875,0.5057445876038863,2
13.536260599,9.774797255030569,-0.7684326171875,0.5069259087412332,2
13.556422604,9.774797255030569,-0.7684326171875,0.5069259087412332,2
13.564633606,9.735787229521588,-0.7684326171875,0.5113613971699713,2
13.58026761,9.735787229521588,-0.7684326171875,0.5113613971699713,2
13.587713612,9.735787229521588,-0.7684326171875,0.5113613971699713,2
13.607438618,9.7307078892232,-0.7684326171875,0.48905625994421653,2
13.61544862,9.7307078892232,-0.7684326171875,0.48905625994421653,2
13.627576623,9.776152918891698,-0.7684326171875,0.5324268903377135,2
13.638952626,9.776152918891698,-0.7684326171875,0.5324268903377135,2
13.65484963,9.776152918891698,-0.7684326171875,0.5324268903377135,2
13.667188633,9.768366021574197,-0.7684326171875,0.4559053974733273,2
13.678912636,9.768366021574197,-0.7684326171875,0.4559053974733273,2
13.686481638,9.774797255030569,-0.76849365234375,0.5069259087412332,2
13.706493644,9.774797255030569,-0.76849365234375,0.5069259087412332,2
13.714681646,9.7307078892232,-0.76849365234375,0.48905625994421653,2
13.73036165,9.7307078892232,-0.76849365234375,0.48905625994421653,2
13.737767652,9.7307078892232,-0.76849365234375,0.48905625994421653,2
13.753646656,9.774797255030569,-0.76849365234375,0.5069259087412332,2
13.766026659,9.774797255030569,-0.76849365234375,0.5069259087412332,2
13.777832662,9.774797255030569,-0.76849365234375,0.5069259087412332,2
13.785674665,9.774810523809,-0.76849365234375,0.507181699558637,2
13.80598667,9.774810523809,-0.76849365234375,0.507181699558637,2
13.814117672,9.72934589316204,-0.76849365234375,0.4611632127447533,2
13.830318676,9.72934589316204,-0.76849365234375,0.4611632127447533,2
13.837740678,9.72934589316204,-0.76849365234375,0.4611632127447533,2
13.857296683,9.735787229521588,-0.76849365234375,0.5113613971699713,2
13.865512686,9.735787229521588,-0.76849365234375,0.5113613971699713,2
13.877565689,9.774810523809,-0.76849365234375,0.507181699558637,2
13.889035692,9.774810523809,-0.76849365234375,0.507181699558637,2
13.905167696,9.774797255030569,-0.76849365234375,0.5069259087412332,2
13.917089699,9.774797255030569,-0.76849365234375,0.5069259087412332,2
13.929286702,9.774797255030569,-0.76849365234375,0.5069259087412332,2
13.936746704,9.774810523809,-0.76849365234375,0.507181699558637,2
13.956583709,9.774810523809,-0.76849365234375,0.507181699558637,2
13.964819712,9.773454673745903,-0.76849365234375,0.48034233601216647,2
13.982359716,9.773454673745903,-0.76849365234375,0.48034233601216647,2
13.99522872,9.734439267945952,-0.76849365234375,0.48502099060569026,2
14.011671724,9.734439267945952,-0.76849365234375,0.48502099060569026,2
14.023743727,9.734439267945952,-0.76849365234375,0.48502099060569026,2
14.031959729,9.808568859486538,-0.76849365234375,0.47882467698424075,2
14.047720733,9.808568859486538,-0.76849365234375,0.47882467698424075,2
14.059981737,9.774797255030569,-0.76849365234375,0.5069259087412332,2
14.075819741,9.774797255030569,-0.76849365234375,0.5069259087412332,2
14.083929743,9.774797255030569,-0.76849365234375,0.5069259087412332,2
14.104697748,9.774810523809,-0.76849365234375,0.507181699558637,2
14.112917751,9.774810523809,-0.76849365234375,0.507181699558637,2
14.125758754,9.773454673745903,-0.76849365234375,0.48034233601216647,2
14.137672757,9.773454673745903,-0.76849365234375,0.48034233601216647,2
14.153827761,9.735787229521588,-0.76849365234375,0.5113613971699713,2
14.166230765,9.735787229521588,-0.76849365234375,0.5113613971699713,2
14.178202768,9.735787229521588,-0.76849365234375,0.5113613971699713,2
14.18591477,9.773454673745903,-0.76849365234375,0.48034233601216647,2
14.206432775,9.773454673745903,-0.76849365234375,0.48034233601216647,2
14.214633777,9.655556268061572,-0.76849365234375,0.5599257501697213,2
14.230483782,9.655556268061572,-0.76849365234375,0.5599257501697213,2
14.237906784,9.655556268061572,-0.7685546875,0.5599257501697213,2
14.257870789,9.96223949824097,-0.7685546875,0.598406901959277,2
14.265828791,9.96223949824097,-0.7685546875,0.598406901959277,2
14.277834794,9.539466393220472,-0.7685546875,0.618097134261932,2
14.289170797,9.539466393220472,-0.76849365234375,0.618097134261932,2
14.305210801,9.539466393220472,-0.76849365234375,0.618097134261932,2
14.317528804,9.899669109941408,-0.76849365234375,0.7549907193655594,2
14.329138807,9.899669109941408,-0.76849365234375,0.7549907193655594,2
14.336810809,9.734940856847983,-0.76849365234375,0.4949858445734838,2
14.356781815,9.734940856847983,-0.76849365234375,0.4949858445734838,2
14.365021817,9.698916691329583,-0.76849365234375,0.6221816337305069,2
14.380538821,9.698916691329583,-0.76849365234375,0.6221816337305069,2
14.387883823,9.698916691329583,-0.7685546875,0.6221816337305069,2
14.404013827,9.841115253794996,-0.7685546875,0.506260247774366,2
14.41638683,9.841115253794996,-0.7685546875,0.506260247774366,2
14.428337834,9.841115253794996,-0.7685546875,0.506260247774366,2
14.436077836,9.69518816650736,-0.7685546875,0.561069143675158,2
14.456332841,9.69518816650736,-0.7685546875,0.561069143675158,2
14.464506843,9.81004662427798,-0.7685546875,0.5081975703481988,2
14.480579847,9.81004662427798,-0.7685546875,0.5081975703481988,2
14.488005849,9.81004662427798,-0.7685546875,0.5081975703481988,2
14.507711854,9.69559499865427,-0.7685546875,0.4961097438366714,2
14.515950857,9.69559499865427,-0.7685546875,0.4961097438366714,2
14.52792686,9.77239530939103,-0.7685546875,0.5353364204010527,2
14.539443863,9.77239530939103,-0.7685546875,0.5353364204010527,2
