time,accel_x,accel_y,accel_z,gyro_x,gyro_y,gyro_z,mag_x,mag_y,mag_z,quat_i,quat_j,quat_k,quat_real
20061704122,-3.78515625,-7.9375,-2.85546875,-2.9609375,0.970703125,0.564453125,22.625,39.25,0.4375,0.228515625,0.755126953125,-0.61346435546875,0.03448486328125
20089714028,-4.20703125,-7.09765625,-3.77734375,-2.51953125,0.96484375,0.53125,24.0625,37.5,7.9375,0.2735595703125,0.82464599609375,-0.49310302734375,0.04412841796875
20113177950,-3.01953125,-5.29296875,-7.18359375,-2.51953125,0.96484375,0.53125,25.5,33.8125,19.875,0.326904296875,0.8624267578125,-0.38330078125,0.049560546875
20131385889,-3.01953125,-5.29296875,-7.18359375,-2.14453125,1.1328125,1.330078125,25.5,33.8125,19.875,0.326904296875,0.8624267578125,-0.38330078125,0.049560546875
20156108807,-2.98046875,-5.6015625,-7.15234375,-2.14453125,1.1328125,1.330078125,26.125,29.1875,24.25,0.36328125,0.8712158203125,-0.32562255859375,0.05450439453125
20178447733,-3.6328125,-5.79296875,-7.68359375,-2.349609375,0.900390625,1.130859375,26.125,29.1875,24.25,0.36328125,0.8712158203125,-0.32562255859375,0.05450439453125
20204779646,-3.6328125,-5.79296875,-7.68359375,-2.349609375,0.900390625,1.130859375,25.625,25.375,27.0625,0.3931884765625,0.87872314453125,-0.26300048828125,0.064453125
20223022585,-3.9375,-4.375,-8.3671875,-2.349609375,0.900390625,1.130859375,25.625,25.375,27.0625,0.3931884765625,0.87872314453125,-0.26300048828125,0.064453125
20244223515,-3.2109375,-2.4609375,-8.48828125,-2.548828125,1.1796875,1.14453125,25.625,25.375,27.0625,0.3931884765625,0.87872314453125,-0.26300048828125,0.064453125
20267194438,-3.2109375,-2.4609375,-8.48828125,-2.548828125,1.1796875,1.14453125,25.4375,20.0,32.5625,0.421630859375,0.883544921875,-0.19158935546875,0.070068359375
20285655377,-1.6015625,-1.84765625,-8.79296875,-3.134765625,1.61328125,1.193359375,25.4375,20.0,32.5625,0.421630859375,0.883544921875,-0.19158935546875,0.070068359375
20313663284,-1.48828125,-1.921875,-11.203125,-3.134765625,1.61328125,1.193359375,22.9375,12.9375,38.125,0.45001220703125,0.88427734375,-0.10125732421875,0.07275390625
20336711207,-1.6015625,-0.23828125,-12.1640625,-3.298828125,1.634765625,1.30859375,22.9375,12.9375,38.125,0.45001220703125,0.88427734375,-0.10125732421875,0.07275390625
20361609125,-1.6015625,-0.23828125,-12.1640625,-3.298828125,1.634765625,1.30859375,20.8125,5.0625,42.4375,0.47576904296875,0.876220703125,-0.010498046875,0.07611083984375
20379790064,-1.2578125,0.94921875,-10.9375,-2.611328125,1.244140625,1.150390625,20.8125,5.0625,42.4375,0.47576904296875,0.876220703125,-0.010498046875,0.07611083984375
20406919974,-0.60546875,1.33203125,-10.74609375,-2.611328125,1.244140625,1.150390625,17.1875,-0.6875,42.4375,0.49505615234375,0.8631591796875,0.05889892578125,0.079833984375
20428855901,0.3515625,1.2578125,-10.015625,-1.181640625,0.412109375,0.59375,17.1875,-0.6875,42.4375,0.49505615234375,0.8631591796875,0.05889892578125,0.079833984375
20455370813,0.3515625,1.2578125,-10.015625,-1.181640625,0.412109375,0.59375,16.3125,-4.5625,41.1875,0.50531005859375,0.85443115234375,0.0863037109375,0.08447265625
20473488753,0.734375,1.9453125,-9.10546875,-1.181640625,0.412109375,0.59375,16.3125,-4.5625,41.1875,0.50531005859375,0.85443115234375,0.0863037109375,0.08447265625
20491394694,0.65625,2.2890625,-8.91015625,0.361328125,-0.275390625,0.216796875,16.3125,-4.5625,41.1875,0.50531005859375,0.85443115234375,0.0863037109375,0.08447265625
20518192605,0.3515625,2.13671875,-8.98828125,0.361328125,-0.275390625,0.216796875,15.1875,-5.3125,42.375,0.51141357421875,0.85205078125,0.07305908203125,0.0841064453125
20540611530,0.3515625,2.13671875,-8.98828125,1.400390625,-0.330078125,0.076171875,15.1875,-5.3125,42.375,0.51141357421875,0.85205078125,0.07305908203125,0.0841064453125
20563631454,0.0078125,1.6796875,-9.328125,1.400390625,-0.330078125,0.076171875,17.5625,-2.0625,42.75,0.5169677734375,0.85211181640625,0.03863525390625,0.072021484375
20586165379,0.16015625,1.2578125,-10.09765625,1.5234375,-0.201171875,0.115234375,17.5625,-2.0625,42.75,0.5169677734375,0.85211181640625,0.03863525390625,0.072021484375
20611424295,0.16015625,1.2578125,-10.09765625,1.5234375,-0.201171875,0.115234375,18.0,0.4375,43.1875,0.5238037109375,0.84991455078125,0.00726318359375,0.05670166015625
20629557235,0.2734375,0.7578125,-10.86328125,0.3203125,0.265625,0.28515625,18.0,0.4375,43.1875,0.5238037109375,0.84991455078125,0.00726318359375,0.05670166015625
20656383146,0.42578125,0.4921875,-10.51953125,0.3203125,0.265625,0.28515625,18.0625,1.875,42.4375,0.53216552734375,0.84527587890625,0.0064697265625,0.04718017578125
20678646072,0.734375,0.18359375,-10.51953125,-0.474609375,0.427734375,0.263671875,18.0625,1.875,42.4375,0.53216552734375,0.84527587890625,0.0064697265625,0.04718017578125
20704622986,0.734375,0.18359375,-10.51953125,-0.474609375,0.427734375,0.263671875,18.0625,1.875,42.4375,0.5389404296875,0.84088134765625,0.02081298828125,0.04522705078125
20719097938,0.8125,0.71875,-10.25390625,-0.474609375,0.427734375,0.263671875,18.0625,1.875,42.4375,0.5389404296875,0.84088134765625,0.02081298828125,0.04522705078125
20741083865,0.3125,0.875,-9.5546875,-0.296875,-0.037109375,0.208984375,18.0625,1.875,42.4375,0.5389404296875,0.84088134765625,0.02081298828125,0.04522705078125
20765605783,-0.22265625,0.94921875,-9.1015625,-0.296875,-0.037109375,0.208984375,16.4375,-0.3125,42.8125,0.54449462890625,0.83697509765625,0.024658203125,0.049560546875
20789029705,-0.22265625,0.94921875,-9.1015625,0.294921875,-0.4140625,-0.01171875,16.4375,-0.3125,42.8125,0.54449462890625,0.83697509765625,0.024658203125,0.049560546875
20812702627,0.12109375,0.71875,-9.171875,0.294921875,-0.4140625,-0.01171875,17.625,0.0625,42.8125,0.5462646484375,0.8358154296875,0.011474609375,0.0538330078125
20836237549,-0.1484375,0.71875,-9.48828125,0.607421875,-0.634765625,-0.0859375,17.625,0.0625,42.8125,0.5462646484375,0.8358154296875,0.011474609375,0.0538330078125
20864031456,-0.453125,1.02734375,-9.671875,0.607421875,-0.634765625,-0.0859375,19.1875,2.1875,42.4375,0.5477294921875,0.83453369140625,-0.0101318359375,0.0584716796875
20887009380,-0.375,1.06640625,-10.05859375,0.583984375,-0.5625,-0.0625,19.1875,2.1875,42.4375,0.5477294921875,0.83453369140625,-0.0101318359375,0.0584716796875
20914711288,-0.375,1.06640625,-10.05859375,0.583984375,-0.5625,-0.0625,19.625,3.625,41.25,0.54925537109375,0.83282470703125,-0.029296875,0.0621337890625
20934290223,0.08203125,0.375,-10.859375,0.216796875,-0.31640625,-0.169921875,19.625,3.625,41.25,0.54925537109375,0.83282470703125,-0.029296875,0.0621337890625
20961782132,-0.8359375,-0.6953125,-11.6640625,0.216796875,-0.31640625,-0.169921875,21.125,3.3125,40.4375,0.546875,0.83380126953125,-0.0377197265625,0.0654296875
20985655052,-1.2578125,0.03125,-9.75390625,0.046875,-0.029296875,-0.33984375,21.125,3.3125,40.4375,0.546875,0.83380126953125,-0.0377197265625,0.0654296875
21013390960,-0.53125,0.03125,-7.76171875,0.046875,-0.029296875,-0.33984375,21.125,3.3125,40.8125,0.54144287109375,0.8372802734375,-0.040283203125,0.0645751953125
21037088882,-0.53125,0.03125,-7.76171875,0.099609375,0.0390625,-0.265625,21.125,3.3125,40.8125,0.54144287109375,0.8372802734375,-0.040283203125,0.0645751953125
21059683807,-0.4140625,0.18359375,-8.30078125,0.099609375,0.0390625,-0.265625,20.375,4.375,42.0,0.53839111328125,0.83941650390625,-0.041259765625,0.06146240234375
21083951726,-0.76171875,0.30078125,-9.7109375,-0.078125,0.31640625,-0.119140625,20.375,4.375,42.0,0.53839111328125,0.83941650390625,-0.041259765625,0.06146240234375
21110491638,-0.875,0.4140625,-10.015625,-0.078125,0.31640625,-0.119140625,20.75,3.6875,40.4375,0.53863525390625,0.8399658203125,-0.03521728515625,0.05560302734375
21134255559,-0.8359375,0.453125,-9.52734375,-0.255859375,0.306640625,-0.037109375,20.75,3.6875,40.4375,0.53863525390625,0.8399658203125,-0.03521728515625,0.05560302734375
21161576469,-0.8359375,0.453125,-9.52734375,-0.255859375,0.306640625,-0.037109375,20.75,3.3125,40.8125,0.5391845703125,0.840087890625,-0.0264892578125,0.05291748046875
21180437406,-0.953125,0.56640625,-9.55859375,-0.16015625,0.083984375,0.0078125,20.75,3.3125,40.8125,0.5391845703125,0.840087890625,-0.0264892578125,0.05291748046875
21208285314,-0.68359375,0.796875,-9.5234375,-0.16015625,0.083984375,0.0078125,20.0,3.6875,40.8125,0.541259765625,0.8388671875,-0.0228271484375,0.05352783203125
21231748237,-0.60546875,0.94921875,-9.25390625,0.0078125,-0.21484375,0.154296875,20.0,3.6875,40.8125,0.541259765625,0.8388671875,-0.0228271484375,0.05352783203125
21258871147,-0.60546875,0.94921875,-9.25390625,0.0078125,-0.21484375,0.154296875,19.25,3.25,40.4375,0.54583740234375,0.83551025390625,-0.026123046875,0.05780029296875
21278819081,-1.296875,0.8359375,-9.5234375,0.134765625,-0.23828125,0.138671875,19.25,3.25,40.4375,0.54583740234375,0.83551025390625,-0.026123046875,0.05780029296875
21305562993,-1.48828125,0.4921875,-10.13671875,0.134765625,-0.23828125,0.138671875,20.375,3.6875,40.4375,0.549560546875,0.8326416015625,-0.031494140625,0.06085205078125
21330855909,-0.9140625,0.14453125,-9.79296875,0.033203125,-0.125,0.1171875,20.375,3.6875,40.4375,0.549560546875,0.8326416015625,-0.031494140625,0.06085205078125
21358902816,-0.68359375,0.60546875,-9.8671875,0.033203125,-0.125,0.1171875,20.75,3.6875,39.625,0.553466796875,0.82989501953125,-0.03326416015625,0.06201171875
21381892740,-1.02734375,0.3359375,-9.91015625,0.0,0.15234375,0.1875,20.75,3.6875,39.625,0.553466796875,0.82989501953125,-0.03326416015625,0.06201171875
21409802648,-1.02734375,0.3359375,-9.91015625,0.0,0.15234375,0.1875,20.375,3.3125,39.25,0.55792236328125,0.82720947265625,-0.03076171875,0.05914306640625
21429776582,-0.875,-0.390625,-9.3671875,-0.11328125,0.140625,0.078125,20.375,3.3125,39.25,0.55792236328125,0.82720947265625,-0.03076171875,0.05914306640625
21458094489,-0.60546875,0.14453125,-9.5234375,-0.11328125,0.140625,0.078125,20.0,3.3125,40.4375,0.5604248046875,0.82586669921875,-0.02593994140625,0.05694580078125
21480475415,-0.64453125,0.68359375,-10.21484375,-0.05859375,0.388671875,0.126953125,20.0,3.3125,40.4375,0.5604248046875,0.82586669921875,-0.02593994140625,0.05694580078125
21508117323,-1.10546875,0.22265625,-9.59765625,-0.05859375,0.388671875,0.126953125,18.875,2.9375,41.625,0.56365966796875,0.82427978515625,-0.0194091796875,0.05023193359375
21532792242,-1.10546875,0.22265625,-9.59765625,-0.033203125,0.24609375,-0.064453125,18.875,2.9375,41.625,0.56365966796875,0.82427978515625,-0.0194091796875,0.05023193359375
21555969165,-1.44921875,0.453125,-9.140625,-0.033203125,0.24609375,-0.064453125,18.875,2.9375,41.625,0.563720703125,0.8245849609375,-0.0157470703125,0.04534912109375
21579073089,-0.76171875,0.453125,-9.67578125,0.05859375,0.185546875,-0.150390625,18.875,2.9375,41.625,0.563720703125,0.8245849609375,-0.0157470703125,0.04534912109375
21605795000,-1.1796875,0.18359375,-10.09375,0.05859375,0.185546875,-0.150390625,18.875,2.9375,41.25,0.5615234375,0.82635498046875,-0.01416015625,0.04034423828125
21628915924,-1.1796875,0.18359375,-10.09375,0.05859375,0.185546875,-0.150390625,18.875,2.9375,41.25,0.5615234375,0.82635498046875,-0.01416015625,0.04034423828125
21648091861,-0.953125,0.4921875,-9.4453125,0.005859375,0.173828125,-0.248046875,17.375,3.9375,42.4375,0.5615234375,0.82635498046875,-0.01416015625,0.04034423828125
21675644769,-0.0703125,-0.390625,-9.63671875,0.005859375,0.173828125,-0.248046875,17.375,3.9375,42.4375,0.5567626953125,0.82977294921875,-0.0123291015625,0.0362548828125
21696997699,-0.953125,0.14453125,-10.015625,0.005859375,0.119140625,-0.451171875,18.125,3.625,41.25,0.5567626953125,0.82977294921875,-0.0123291015625,0.0362548828125
21720040623,-0.953125,0.14453125,-10.015625,0.005859375,0.119140625,-0.451171875,18.125,3.625,41.25,0.5491943359375,0.8349609375,-0.01019287109375,0.0338134765625
21739812557,-1.44921875,1.6796875,-9.71484375,-0.384765625,0.3125,-0.333984375,18.125,3.625,41.25,0.5491943359375,0.8349609375,-0.01019287109375,0.0338134765625
21764797475,-0.9140625,0.14453125,-9.63671875,-0.384765625,0.3125,-0.333984375,16.9375,2.5,42.8125,0.54168701171875,0.8399658203125,0.00244140625,0.03216552734375
21788341397,-0.33984375,0.22265625,-9.4453125,-0.51171875,0.4296875,-0.509765625,16.9375,2.5,42.8125,0.54168701171875,0.8399658203125,0.00244140625,0.03216552734375
21815096309,-0.4921875,1.5234375,-9.6328125,-0.51171875,0.4296875,-0.509765625,14.6875,2.4375,44.0,0.531494140625,0.84637451171875,0.01641845703125,0.02960205078125
21834158246,-0.4921875,1.5234375,-9.6328125,-0.072265625,0.099609375,-0.552734375,14.6875,2.4375,44.0,0.531494140625,0.84637451171875,0.01641845703125,0.02960205078125
21860926157,-0.4921875,1.06640625,-9.40625,-0.072265625,0.099609375,-0.552734375,15.0625,3.1875,43.1875,0.5206298828125,0.85308837890625,0.0196533203125,0.02838134765625
21884943078,-0.4921875,0.26171875,-9.67578125,-0.1953125,0.1953125,-0.73828125,15.0625,3.1875,43.1875,0.5206298828125,0.85308837890625,0.0196533203125,0.02838134765625
21912341987,-1.06640625,1.140625,-9.75390625,-0.1953125,0.1953125,-0.73828125,15.0625,2.125,43.1875,0.50506591796875,0.86224365234375,0.02685546875,0.026611328125
21935577910,-1.06640625,1.140625,-9.75390625,-0.34375,0.333984375,-0.849609375,15.0625,2.125,43.1875,0.50506591796875,0.86224365234375,0.02685546875,0.026611328125
21958788834,-1.1796875,1.6796875,-9.52734375,-0.34375,0.333984375,-0.849609375,14.25,2.4375,44.0,0.48681640625,0.87237548828125,0.0367431640625,0.02459716796875
21981232759,-1.10546875,1.9453125,-8.984375,0.0234375,0.048828125,-1.001953125,14.25,2.4375,44.0,0.48681640625,0.87237548828125,0.0367431640625,0.02459716796875
21998735702,-1.10546875,1.9453125,-8.984375,0.0234375,0.048828125,-1.001953125,12.8125,3.125,42.375,0.48681640625,0.87237548828125,0.0367431640625,0.02459716796875
22030287597,-0.9140625,2.3671875,-9.140625,0.0234375,0.048828125,-1.001953125,12.8125,3.125,42.375,0.466064453125,0.88372802734375,0.0355224609375,0.02398681640625
22049520534,-1.02734375,2.328125,-10.09375,0.244140625,0.048828125,-1.091796875,13.1875,4.875,43.5625,0.466064453125,0.88372802734375,0.0355224609375,0.02398681640625
22078367438,-0.375,1.5234375,-10.4765625,0.255859375,0.30078125,-1.107421875,13.1875,4.875,43.5625,0.44232177734375,0.8961181640625,0.02996826171875,0.02020263671875
22100474365,-0.875,1.71484375,-10.015625,0.255859375,0.30078125,-1.107421875,10.9375,5.5625,43.625,0.44232177734375,0.8961181640625,0.02996826171875,0.02020263671875
22128581272,-0.53125,1.33203125,-8.7578125,-0.00390625,0.40234375,-1.05859375,10.9375,5.5625,43.625,0.41839599609375,0.90771484375,0.0283203125,0.01177978515625
22155980182,-0.53125,1.33203125,-8.7578125,-0.00390625,0.40234375,-1.05859375,10.9375,5.5625,43.625,0.39471435546875,0.918212890625,0.03326416015625,0.00274658203125
22170534134,0.234375,1.2578125,-8.0234375,-0.00390625,0.40234375,-1.05859375,11.3125,5.5625,42.0,0.39471435546875,0.918212890625,0.03326416015625,0.00274658203125
22196678048,0.3515625,1.296875,-7.68359375,-0.12109375,0.65234375,-1.177734375,8.6875,6.5625,45.25,0.39471435546875,0.918212890625,0.03326416015625,0.00274658203125
22220407970,0.234375,1.33203125,-7.30078125,-0.12109375,0.65234375,-1.177734375,8.6875,6.5625,45.25,-0.3675537109375,-0.92901611328125,-0.04156494140625,0.010009765625
22249336875,0.234375,1.33203125,-7.30078125,0.0390625,0.669921875,-0.990234375,7.1875,6.5,44.875,-0.3675537109375,-0.92901611328125,-0.04156494140625,0.010009765625
22277123784,-0.1484375,1.5625,-7.796875,0.0390625,0.669921875,-0.990234375,7.1875,6.5,44.875,-0.345947265625,-0.936767578125,-0.04718017578125,0.02484130859375
22291322737,0.50390625,2.40625,-8.3671875,-0.11328125,0.466796875,-0.904296875,7.1875,6.5,44.875,-0.345947265625,-0.936767578125,-0.04718017578125,0.02484130859375
22315782656,1.4609375,2.328125,-8.3359375,-0.11328125,0.466796875,-0.904296875,4.1875,7.5,44.875,-0.32464599609375,-0.94354248046875,-0.05755615234375,0.03204345703125
22338962580,1.4609375,2.328125,-8.3359375,-1.044921875,0.45703125,-1.025390625,4.1875,7.5,44.875,-0.32464599609375,-0.94354248046875,-0.05755615234375,0.03204345703125
22361692505,0.6953125,2.4453125,-7.33984375,-1.044921875,0.45703125,-1.025390625,3.6875,4.625,46.4375,-0.30181884765625,-0.9488525390625,-0.0865478515625,0.0333251953125
22385459427,1.0390625,3.1328125,-6.7265625,-0.921875,0.541015625,-0.884765625,3.6875,4.625,46.4375,-0.30181884765625,-0.9488525390625,-0.0865478515625,0.0333251953125
22412641338,1.921875,3.59375,-6.38671875,-0.921875,0.541015625,-0.884765625,3.6875,4.625,46.4375,-0.28118896484375,-0.952392578125,-0.1121826171875,0.0362548828125
22436904258,2.53515625,3.1328125,-6.26953125,-0.7109375,0.447265625,-1.00390625,3.6875,4.625,46.4375,-0.28118896484375,-0.952392578125,-0.1121826171875,0.0362548828125
22464615167,2.53515625,3.1328125,-6.26953125,-0.7109375,0.447265625,-1.00390625,0.9375,1.0625,46.375,-0.25738525390625,-0.955810546875,-0.13641357421875,0.03936767578125
22484217102,2.34375,3.25,-7.45703125,-1.609375,1.126953125,-1.203125,0.9375,1.0625,46.375,-0.25738525390625,-0.955810546875,-0.13641357421875,0.03936767578125
22511371013,3.64453125,3.28515625,-9.484375,-1.609375,1.126953125,-1.203125,-1.4375,-2.9375,45.1875,-0.225341796875,-0.95574951171875,-0.181640625,0.05255126953125
22535512933,4.640625,2.25390625,-11.90234375,-0.912109375,1.400390625,-1.44140625,-1.4375,-2.9375,45.1875,-0.225341796875,-0.95574951171875,-0.181640625,0.05255126953125
22561590848,4.48828125,0.453125,-15.9921875,-0.912109375,1.400390625,-1.44140625,-4.875,-4.4375,45.1875,-0.1864013671875,-0.95648193359375,-0.21185302734375,0.07440185546875
22584647772,4.48828125,0.453125,-15.9921875,-0.380859375,1.4296875,-1.142578125,-4.875,-4.4375,45.1875,-0.1864013671875,-0.95648193359375,-0.21185302734375,0.07440185546875
22612559680,7.0546875,-1.34765625,-21.32421875,-0.380859375,1.4296875,-1.142578125,-8.0,-5.9375,44.375,-0.15350341796875,-0.956787109375,-0.2265625,0.0980224609375
22631524617,10.1953125,-2.99609375,-25.49609375,0.6953125,0.2109375,-0.857421875,-8.0,-5.9375,44.375,-0.15350341796875,-0.956787109375,-0.2265625,0.0980224609375
22659534525,14.1796875,-7.1328125,-28.71484375,0.6953125,0.2109375,-0.857421875,-8.75,-5.9375,42.8125,-0.13458251953125,-0.96380615234375,-0.2080078125,0.09814453125
22683248447,14.1796875,-7.1328125,-28.71484375,2.03125,-1.46484375,0.685546875,-8.75,-5.9375,42.8125,-0.13458251953125,-0.96380615234375,-0.2080078125,0.09814453125
22701275388,16.36328125,-10.734375,-29.75,2.03125,-1.46484375,0.685546875,-6.6875,-0.5625,45.5625,-0.13458251953125,-0.96380615234375,-0.2080078125,0.09814453125
22729166296,17.359375,-12.2265625,-28.18359375,2.677734375,-2.359375,3.1328125,-6.6875,-0.5625,45.5625,-0.15966796875,-0.9727783203125,-0.15185546875,0.07220458984375
22756634206,15.4453125,-13.03125,-24.19921875,2.677734375,-2.359375,3.1328125,0.0,5.9375,44.4375,-0.250732421875,-0.96484375,-0.068359375,0.0389404296875
22779802130,9.046875,-17.55078125,-19.25,2.416015625,-2.056640625,7.974609375,0.0,5.9375,44.4375,-0.250732421875,-0.96484375,-0.068359375,0.0389404296875
22797203072,9.046875,-17.55078125,-19.25,2.416015625,-2.056640625,7.974609375,8.75,8.6875,43.625,-0.250732421875,-0.96484375,-0.068359375,0.0389404296875
22820008997,7.8984375,-20.34375,-13.96484375,2.416015625,-2.056640625,7.974609375,8.75,8.6875,43.625,-0.44781494140625,-0.89398193359375,0.00396728515625,0.0142822265625
22847569907,5.828125,-11.08203125,-10.82421875,1.7109375,-2.41796875,13.619140625,8.75,8.6875,43.625,-0.44781494140625,-0.89398193359375,0.00396728515625,0.0142822265625
22870103833,-1.37109375,-0.046875,-1.82421875,1.7109375,-2.41796875,13.619140625,20.0,4.375,42.0,0.72149658203125,0.6881103515625,-0.07501220703125,0.0167236328125
22898723738,-1.37109375,-0.046875,-1.82421875,2.828125,-0.57421875,16.177734375,20.0,4.375,42.0,0.72149658203125,0.6881103515625,-0.07501220703125,0.0167236328125
22917644676,-4.28515625,-3.5703125,2.4296875,2.828125,-0.57421875,16.177734375,20.8125,-8.375,43.125,0.930908203125,0.3455810546875,-0.1182861328125,0.0052490234375
22940116602,-4.09765625,-3.9921875,1.08984375,2.357421875,1.408203125,16.193359375,20.8125,-8.375,43.125,0.930908203125,0.3455810546875,-0.1182861328125,0.0052490234375
22964426522,-4.015625,-4.1015625,1.47265625,2.357421875,1.408203125,16.193359375,9.5,-16.6875,45.0625,-0.99395751953125,0.05535888671875,0.0943603515625,0.007080078125
22988304444,-4.015625,-4.1015625,1.47265625,0.982421875,2.587890625,16.271484375,9.5,-16.6875,45.0625,-0.99395751953125,0.05535888671875,0.0943603515625,0.007080078125
23011063369,-4.2421875,-4.22265625,1.77734375,0.982421875,2.587890625,16.271484375,-9.75,-15.5,45.5,0.8927001953125,-0.44915771484375,-0.03118896484375,0.01788330078125
23034868290,-4.32421875,-4.296875,1.203125,-0.76171875,2.15625,16.3125,-9.75,-15.5,45.5,0.8927001953125,-0.44915771484375,-0.03118896484375,0.01788330078125
23061870202,-4.359375,-4.22265625,0.0546875,-0.76171875,2.15625,16.3125,-21.625,-6.3125,44.375,0.64141845703125,-0.763916015625,0.0093994140625,0.07025146484375
23085874123,-4.203125,-3.9921875,-1.1328125,-2.142578125,0.794921875,16.345703125,-21.625,-6.3125,44.375,0.64141845703125,-0.763916015625,0.0093994140625,0.07025146484375
23113043033,-4.203125,-3.9921875,-1.1328125,-2.142578125,0.794921875,16.345703125,-20.5,5.75,42.4375,0.28411865234375,-0.95294189453125,0.0076904296875,0.1053466796875
23131851971,-4.13671875,-3.9140625,-1.66796875,-2.216796875,-0.783203125,16.2890625,-20.5,5.75,42.4375,0.28411865234375,-0.95294189453125,0.0076904296875,0.1053466796875
23160186878,-4.2421875,-3.6484375,-2.16796875,-2.216796875,-0.783203125,16.2890625,-7.75,14.25,45.6875,-0.1240234375,-0.98858642578125,-0.0032958984375,0.085693359375
23184205800,-4.40234375,-3.1875,-2.08984375,-0.96875,-2.4375,16.203125,-7.75,14.25,45.6875,-0.1240234375,-0.98858642578125,-0.0032958984375,0.085693359375
23211473710,-4.28515625,-2.99609375,-2.08984375,-0.96875,-2.4375,16.203125,9.1875,10.5,44.4375,-0.500732421875,-0.86505126953125,0.02081298828125,0.02197265625
23235745631,-4.203125,-2.99609375,-3.23828125,0.966796875,-2.802734375,16.109375,9.1875,10.5,44.4375,-0.500732421875,-0.86505126953125,0.02081298828125,0.02197265625
23263730539,-4.203125,-2.99609375,-3.23828125,0.966796875,-2.802734375,16.109375,22.875,-1.1875,42.3125,0.7962646484375,0.5986328125,-0.0823974609375,0.02850341796875
23282452478,-4.32421875,-3.2265625,-4.3515625,2.720703125,-1.92578125,16.033203125,22.875,-1.1875,42.3125,0.7962646484375,0.5986328125,-0.0823974609375,0.02850341796875
23310324387,-4.55078125,-3.53125,-4.8828125,2.720703125,-1.92578125,16.033203125,21.0625,-13.5625,41.8125,0.96246337890625,0.23187255859375,-0.13763427734375,0.03118896484375
23333226312,-4.70703125,-3.4921875,-4.54296875,3.279296875,-0.78125,16.009765625,21.0625,-13.5625,41.8125,0.96246337890625,0.23187255859375,-0.13763427734375,0.03118896484375
23360495222,-4.70703125,-3.4921875,-4.54296875,3.279296875,-0.78125,16.009765625,10.1875,-20.25,42.625,0.9732666015625,-0.17620849609375,-0.14691162109375,0.01312255859375
23381148155,-4.55078125,-3.6484375,-4.390625,2.458984375,0.603515625,16.052734375,10.1875,-20.25,42.625,0.9732666015625,-0.17620849609375,-0.14691162109375,0.01312255859375
23409526062,-4.58984375,-3.80078125,-4.58203125,2.458984375,0.603515625,16.052734375,-6.0625,-17.125,46.1875,0.82916259765625,-0.548583984375,-0.105712890625,0.0191650390625
23431903988,-4.7421875,-3.9140625,-5.2265625,0.9921875,1.5390625,16.107421875,-6.0625,-17.125,46.1875,0.82916259765625,-0.548583984375,-0.105712890625,0.0191650390625
23463539885,-4.7421875,-3.80078125,-6.15234375,0.9921875,1.5390625,16.107421875,-18.875,-6.25,45.125,0.5521240234375,-0.8299560546875,-0.0501708984375,0.0623779296875
23487832805,-4.4765625,-3.875,-7.3359375,-0.625,1.76171875,16.142578125,-18.875,-6.25,45.125,0.5521240234375,-0.8299560546875,-0.0501708984375,0.0623779296875
23514612717,-4.1328125,-0.16015625,-8.296875,-0.625,1.76171875,16.142578125,-18.5,7.5625,45.1875,0.18060302734375,-0.97613525390625,-0.01287841796875,0.12005615234375
23534351653,-4.1328125,-0.16015625,-8.296875,-0.689453125,-1.97265625,8.28515625,-18.5,7.5625,45.1875,0.18060302734375,-0.97613525390625,-0.01287841796875,0.12005615234375
23561419564,-41.2890625,33.3203125,-21.97265625,-0.689453125,-1.97265625,8.28515625,-8.1875,12.5,46.4375,-0.0518798828125,-0.99639892578125,-0.00311279296875,0.066650390625
23587732478,0.8125,-1.34765625,-10.63671875,-0.810546875,-2.154296875,0.384765625,-8.1875,12.5,46.4375,-0.0518798828125,-0.99639892578125,-0.00311279296875,0.066650390625
23614802389,4.71875,-3.26171875,-36.22265625,-0.810546875,-2.154296875,0.384765625,-2.1875,11.9375,47.25,-0.06732177734375,-0.9967041015625,-0.00457763671875,0.04449462890625
23638322312,4.71875,-3.26171875,-36.22265625,1.84375,0.263671875,-1.015625,-2.1875,11.9375,47.25,-0.06732177734375,-0.9967041015625,-0.00457763671875,0.04449462890625
23665164224,-22.171875,24.55078125,-11.66796875,1.84375,0.263671875,-1.015625,-3.4375,18.3125,45.25,-0.029296875,-0.996826171875,0.057861328125,0.0460205078125
23684714160,-12.25390625,20.140625,-32.390625,-2.177734375,-3.08203125,-2.708984375,-3.4375,18.3125,45.25,-0.029296875,-0.996826171875,0.057861328125,0.0460205078125
23711974071,-8.078125,-1.8828125,-11.90234375,-2.177734375,-3.08203125,-2.708984375,0.9375,15.25,46.0,-0.04046630859375,0.9979248046875,0.00311279296875,0.0498046875
23736215992,-6.7734375,-15.75390625,-2.20703125,-1.01953125,-5.90234375,-1.169921875,0.9375,15.25,46.0,-0.04046630859375,0.9979248046875,0.00311279296875,0.0498046875
23763692902,-6.7734375,-15.75390625,-2.20703125,-1.01953125,-5.90234375,-1.169921875,14.9375,11.3125,44.375,-0.070068359375,0.978271484375,0.0347900390625,0.19189453125
23782330841,2.03515625,-5.83203125,1.625,2.6015625,-5.9921875,-1.82421875,14.9375,11.3125,44.375,-0.070068359375,0.978271484375,0.0347900390625,0.19189453125
23810676748,7.4375,4.16796875,-16.7578125,2.6015625,-5.9921875,-1.82421875,26.4375,16.875,37.625,-0.09710693359375,0.934326171875,-0.00994873046875,0.34283447265625
23834575669,-2.140625,-2.95703125,-10.171875,0.67578125,-6.82421875,-1.8515625,26.4375,16.875,37.625,-0.09710693359375,0.934326171875,-0.00994873046875,0.34283447265625
23862131579,-7.5390625,5.5859375,-14.5,0.67578125,-6.82421875,-1.8515625,36.0625,20.625,27.6875,-0.137451171875,0.869140625,-0.003173828125,0.47503662109375
23886213500,-5.9296875,0.8359375,-4.54296875,-3.302734375,-3.896484375,-0.419921875,36.0625,20.625,27.6875,-0.137451171875,0.869140625,-0.003173828125,0.47503662109375
23913834410,-5.9296875,0.8359375,-4.54296875,-3.302734375,-3.896484375,-0.419921875,40.9375,16.875,23.3125,-0.18121337890625,0.8126220703125,0.06365966796875,0.55023193359375
23932546349,-3.515625,1.296875,-0.671875,0.28125,-5.052734375,-0.4453125,40.9375,16.875,23.3125,-0.18121337890625,0.8126220703125,0.06365966796875,0.55023193359375
23960371257,-14.47265625,-6.75,9.01953125,0.28125,-5.052734375,-0.4453125,45.5,17.625,11.8125,-0.17498779296875,0.7308349609375,0.08648681640625,0.654052734375
23984631178,-15.46875,9.109375,6.0703125,0.634765625,1.33984375,-1.42578125,45.5,17.625,11.8125,-0.17498779296875,0.7308349609375,0.08648681640625,0.654052734375
24011820089,-15.46875,9.109375,6.0703125,0.634765625,1.33984375,-1.42578125,47.125,20.125,9.8125,-0.193359375,0.72113037109375,0.0677490234375,0.66180419921875
24031442025,-13.1328125,-0.0859375,-3.31640625,-0.30859375,-0.1640625,-0.380859375,47.125,20.125,9.8125,-0.193359375,0.72113037109375,0.0677490234375,0.66180419921875
24059971931,-10.48828125,-0.88671875,2.0078125,-0.30859375,-0.1640625,-0.380859375,45.5625,20.0625,9.375,-0.2060546875,0.71588134765625,0.0693359375,0.66357421875
24082904856,-10.640625,-1.46484375,0.4375,-0.224609375,0.17578125,-0.01953125,45.5625,20.0625,9.375,-0.2060546875,0.71588134765625,0.0693359375,0.66357421875
24110691765,-10.48828125,-2.99609375,-0.328125,-0.224609375,0.17578125,-0.01953125,45.5625,20.8125,10.625,-0.2093505859375,0.71856689453125,0.07196044921875,0.6593017578125
24132676693,-9.33984375,-0.66015625,-0.7109375,-0.078125,0.45703125,0.232421875,45.5625,20.8125,10.625,-0.2093505859375,0.71856689453125,0.07196044921875,0.6593017578125
24151702631,-9.33984375,-0.66015625,-0.7109375,-0.078125,0.45703125,0.232421875,45.5625,20.4375,9.375,-0.2093505859375,0.71856689453125,0.07196044921875,0.6593017578125
24180063538,-8.1875,-0.734375,-0.63671875,-0.09765625,-0.12109375,-0.126953125,45.5625,20.4375,9.375,-0.20819091796875,0.72515869140625,0.07464599609375,0.652099609375
24207378449,-8.1875,-1.73046875,-0.7109375,-0.09765625,-0.12109375,-0.126953125,44.0625,20.375,10.625,-0.21209716796875,0.72406005859375,0.07366943359375,0.65216064453125
24230457374,-9.2265625,-1.2734375,-1.0546875,0.05078125,0.431640625,-0.25,44.0625,20.375,10.625,-0.21209716796875,0.72406005859375,0.07366943359375,0.65216064453125
24252989300,-9.2265625,-1.2734375,-1.0546875,0.05078125,0.431640625,-0.25,44.0625,20.375,10.625,-0.21209716796875,0.72406005859375,0.07366943359375,0.65216064453125
24272260238,-10.03125,-1.42578125,-1.09375,0.05078125,0.431640625,-0.25,44.375,20.375,12.5625,-0.216064453125,0.72943115234375,0.06787109375,0.64544677734375
24300333146,-9.9140625,-1.921875,-1.32421875,-0.091796875,0.13671875,0.029296875,45.1875,21.5,13.0,-0.216064453125,0.72943115234375,0.06787109375,0.64544677734375
24327740057,-9.1875,-0.734375,-1.0546875,-0.091796875,0.13671875,0.029296875,45.1875,21.5,13.0,-0.21197509765625,0.7293701171875,0.075439453125,0.64605712890625
24350221983,-9.1875,-0.734375,-1.0546875,-0.216796875,0.392578125,0.037109375,45.1875,21.5,13.0,-0.21197509765625,0.7293701171875,0.075439453125,0.64605712890625
24369489921,-9.15234375,-1.34765625,-0.828125,-0.216796875,0.392578125,0.037109375,44.125,21.125,13.375,-0.21484375,0.73236083984375,0.08599853515625,0.640380859375
24392376846,-9.41796875,-1.34765625,-0.7890625,-0.189453125,0.865234375,-0.001953125,44.125,21.125,13.375,-0.21484375,0.73236083984375,0.08599853515625,0.640380859375
24417097765,-9.37890625,-1.15625,-1.5546875,-0.189453125,0.865234375,-0.001953125,43.6875,21.125,16.5625,-0.22137451171875,0.74017333984375,0.09503173828125,0.62774658203125
24440408689,-9.37890625,-1.15625,-1.5546875,-0.353515625,0.75,0.02734375,43.6875,21.125,16.5625,-0.22137451171875,0.74017333984375,0.09503173828125,0.62774658203125
24463372614,-9.03125,-0.8125,-1.8984375,-0.353515625,0.75,0.02734375,42.9375,20.4375,18.9375,-0.2294921875,0.74859619140625,0.10296630859375,0.6134033203125
24487026537,-8.99609375,-2.07421875,-1.78515625,-0.283203125,0.787109375,-0.103515625,42.9375,20.4375,18.9375,-0.2294921875,0.74859619140625,0.10296630859375,0.6134033203125
24514123449,-8.9140625,-0.88671875,-1.859375,-0.283203125,0.787109375,-0.103515625,42.125,20.375,21.0,-0.23822021484375,0.75738525390625,0.1055908203125,0.59869384765625
24538316370,-9.0703125,1.48828125,-1.24609375,-0.25390625,1.140625,-0.025390625,42.125,20.375,21.0,-0.23822021484375,0.75738525390625,0.1055908203125,0.59869384765625
24565771280,-8.11328125,3.40234375,-0.671875,-0.25390625,1.140625,-0.025390625,41.375,20.0,22.1875,-0.24798583984375,0.77398681640625,0.10845947265625,0.5723876953125
24585460216,-8.11328125,3.40234375,-0.671875,-1.140625,2.02734375,0.236328125,41.375,20.0,22.1875,-0.24798583984375,0.77398681640625,0.10845947265625,0.5723876953125
24612651127,-7.73046875,1.71484375,-1.9765625,-1.140625,2.02734375,0.236328125,39.0625,18.625,26.9375,-0.26788330078125,0.7974853515625,0.124267578125,0.526123046875
24636991048,-7.84765625,-0.58203125,-3.31640625,-1.6015625,2.736328125,-0.2890625,39.0625,18.625,26.9375,-0.26788330078125,0.7974853515625,0.124267578125,0.526123046875
24663183963,-7.421875,-1.234375,-4.54296875,-1.6015625,2.736328125,-0.2890625,34.4375,16.4375,33.6875,-0.3052978515625,0.82415771484375,0.13238525390625,0.4583740234375
24686096888,-7.421875,-1.234375,-4.54296875,-1.115234375,4.4453125,-1.017578125,34.4375,16.4375,33.6875,-0.3052978515625,0.82415771484375,0.13238525390625,0.4583740234375
24710452809,-6.85546875,-0.54296875,-5.1953125,-1.115234375,4.4453125,-1.017578125,25.625,14.75,40.0,-0.35009765625,0.85498046875,0.109130859375,0.36676025390625
24733332734,-4.78125,0.14453125,-13.8125,0.779296875,1.759765625,-0.77734375,25.625,14.75,40.0,-0.35009765625,0.85498046875,0.109130859375,0.36676025390625
24750788677,-4.78125,0.14453125,-13.8125,0.779296875,1.759765625,-0.77734375,18.875,16.6875,41.5625,-0.35009765625,0.85498046875,0.109130859375,0.36676025390625
24778258587,-7.00390625,-2.3046875,-8.1015625,0.779296875,1.759765625,-0.77734375,18.875,16.6875,41.5625,-0.36663818359375,0.8677978515625,0.07452392578125,0.32696533203125
24792785540,-7.00390625,-2.3046875,-8.1015625,0.08984375,2.564453125,-0.44140625,18.875,16.6875,41.5625,-0.36663818359375,0.8677978515625,0.07452392578125,0.32696533203125
24817217460,-6.54296875,-3.30078125,-9.671875,0.08984375,2.564453125,-0.44140625,13.1875,17.625,43.25,-0.37933349609375,0.8824462890625,0.04656982421875,0.27435302734375
24841509381,-6.54296875,-3.30078125,-9.671875,-0.548828125,2.67578125,-0.68359375,13.1875,17.625,43.25,-0.37933349609375,0.8824462890625,0.04656982421875,0.27435302734375
24865803302,-5.43359375,-1.76953125,-6.609375,-0.548828125,2.67578125,-0.68359375,5.1875,16.0625,45.625,-0.40155029296875,0.89044189453125,0.0338134765625,0.21136474609375
24889534225,0.08203125,2.25390625,-5.80859375,-1.70703125,3.0859375,-0.439453125,5.1875,16.0625,45.625,-0.40155029296875,0.89044189453125,0.0338134765625,0.21136474609375
24912626149,-2.75,0.26171875,-6.1875,-1.70703125,3.0859375,-0.439453125,-0.9375,13.375,47.1875,-0.42120361328125,0.8970947265625,0.0313720703125,0.12957763671875
24937046070,-1.91015625,-0.50390625,-10.671875,-0.41796875,3.41015625,-0.375,-0.9375,13.375,47.1875,-0.42120361328125,0.8970947265625,0.0313720703125,0.12957763671875
24964730979,-1.91015625,-0.50390625,-10.671875,-0.41796875,3.41015625,-0.375,-10.8125,11.6875,46.0,-0.43280029296875,0.89990234375,0.01422119140625,0.05169677734375
24983482918,1.0390625,2.484375,-15.00390625,-1.115234375,2.71484375,-0.638671875,-10.8125,11.6875,46.0,-0.43280029296875,0.89990234375,0.01422119140625,0.05169677734375
25011499827,5.0234375,2.21484375,-14.69921875,-1.115234375,2.71484375,-0.638671875,-17.0,8.6875,45.625,0.45281982421875,-0.891357421875,-0.00775146484375,0.0198974609375
25033878754,4.44921875,2.328125,-12.203125,-0.60546875,2.4921875,-1.591796875,-17.0,8.6875,45.625,0.45281982421875,-0.891357421875,-0.00775146484375,0.0198974609375
25051292697,4.44921875,2.328125,-12.203125,-0.60546875,2.4921875,-1.591796875,-23.5,5.3125,41.5625,0.45281982421875,-0.891357421875,-0.00775146484375,0.0198974609375
25078959607,3.53125,1.21875,-10.0546875,-0.60546875,2.4921875,-1.591796875,-23.5,5.3125,41.5625,0.488037109375,-0.8695068359375,0.00457763671875,0.07562255859375
25102138531,2.83984375,-3.33984375,-5.6875,0.74609375,1.203125,-2.26953125,-28.875,2.3125,40.375,0.488037109375,-0.8695068359375,0.00457763671875,0.07562255859375
25130766438,2.95703125,-1.6171875,-7.15234375,0.248046875,-1.04296875,-2.8828125,-28.875,2.3125,40.375,0.5399169921875,-0.83673095703125,0.0245361328125,0.08819580078125
25153130365,2.95703125,-1.6171875,-7.15234375,0.248046875,-1.04296875,-2.8828125,-28.875,2.3125,40.375,0.5399169921875,-0.83673095703125,0.0245361328125,0.08819580078125
25172487302,3.109375,-0.8125,-8.3359375,0.248046875,-1.04296875,-2.8828125,-28.875,2.3125,40.375,0.6004638671875,-0.7969970703125,0.01007080078125,0.0643310546875
25198890216,2.49609375,-0.66015625,-10.78515625,0.521484375,-0.72265625,-3.083984375,-25.25,-2.5,42.75,0.6004638671875,-0.7969970703125,0.01007080078125,0.0643310546875
25222459140,1.34765625,-0.50390625,-9.91015625,0.521484375,-0.72265625,-3.083984375,-25.25,-2.5,42.75,0.66241455078125,-0.74774169921875,0.00933837890625,0.04443359375
25250644048,1.30859375,-0.88671875,-7.68359375,0.87890625,0.62890625,-3.287109375,-27.25,-4.375,43.9375,0.66241455078125,-0.74774169921875,0.00933837890625,0.04443359375
25277556961,1.30859375,-0.88671875,-7.68359375,0.87890625,0.62890625,-3.287109375,-27.25,-4.375,43.9375,0.72198486328125,-0.690185546875,0.02801513671875,0.04010009765625
25292528912,0.54296875,-3.03515625,-8.1796875,0.5078125,-0.384765625,-3.244140625,-27.25,-4.375,43.9375,0.72198486328125,-0.690185546875,0.02801513671875,0.04010009765625
25317893830,-0.796875,-3.609375,-11.51953125,0.5078125,-0.384765625,-3.244140625,-26.5,-7.1875,42.3125,0.7763671875,-0.6290283203125,0.027587890625,0.02838134765625
25340918755,-0.953125,-4.48828125,-13.1953125,0.595703125,0.2421875,-3.240234375,-26.5,-7.1875,42.3125,0.7763671875,-0.6290283203125,0.027587890625,0.02838134765625
25367362669,-0.953125,-4.48828125,-13.1953125,0.595703125,0.2421875,-3.240234375,-25.4375,-10.0,43.5,0.825927734375,-0.56170654296875,0.04241943359375,0.02239990234375
25387109605,-2.71484375,-6.25,-14.3828125,1.01171875,0.53515625,-2.822265625,-25.4375,-10.0,43.5,0.825927734375,-0.56170654296875,0.04241943359375,0.02239990234375
25412881521,-4.32421875,-6.671875,-13.23828125,1.01171875,0.53515625,-2.822265625,-25.125,-10.3125,42.3125,0.860595703125,-0.50506591796875,0.06439208984375,0.0074462890625
25436218446,-8.19140625,-8.12890625,-13.85546875,2.26953125,-0.060546875,-0.37109375,-25.125,-10.3125,42.3125,0.860595703125,-0.50506591796875,0.06439208984375,0.0074462890625
25463587357,-8.19140625,-8.12890625,-13.85546875,2.26953125,-0.060546875,-0.37109375,-24.3125,-7.8125,43.125,-0.86138916015625,0.49835205078125,-0.08770751953125,0.04473876953125
25482756295,-9.03515625,-14.5625,-16.5703125,2.490234375,-1.021484375,2.865234375,-24.3125,-7.8125,43.125,-0.86138916015625,0.49835205078125,-0.08770751953125,0.04473876953125
25508477211,-11.9453125,-20.80859375,-19.2890625,2.490234375,-1.021484375,2.865234375,-21.6875,1.125,44.75,-0.8148193359375,0.55987548828125,-0.09136962890625,0.11956787109375
25531831135,-21.3671875,-18.625,-20.05859375,2.677734375,-1.044921875,8.73828125,-21.6875,1.125,44.75,-0.8148193359375,0.55987548828125,-0.09136962890625,0.11956787109375
25559937044,-21.3671875,-18.625,-20.05859375,2.677734375,-1.044921875,8.73828125,-14.9375,14.75,43.625,-0.6488037109375,0.729248046875,-0.0736083984375,0.2044677734375
25582786970,-31.41015625,-19.8125,-18.640625,2.677734375,-1.044921875,8.73828125,-14.9375,14.75,43.625,-0.6488037109375,0.729248046875,-0.0736083984375,0.2044677734375
25602056907,-35.12109375,-33.48828125,-15.421875,1.61328125,0.8046875,17.49609375,2.75,23.0,41.25,-0.6488037109375,0.729248046875,-0.0736083984375,0.2044677734375
25630349815,-28.2265625,-28.31640625,-5.65234375,1.57421875,2.23046875,22.150390625,2.75,23.0,41.25,-0.25390625,0.9420166015625,-0.013427734375,0.218994140625
25652833742,-26.3828125,-21.15234375,5.53125,1.57421875,2.23046875,22.150390625,21.0,12.5625,42.8125,-0.25390625,0.9420166015625,-0.013427734375,0.218994140625
25681119650,-26.3828125,-21.15234375,5.53125,1.048828125,2.84765625,22.40234375,21.0,12.5625,42.8125,0.28759765625,0.94500732421875,0.0523681640625,0.1466064453125
25700503587,-7.42578125,-7.7421875,3.3125,1.048828125,2.84765625,22.40234375,21.0,12.5625,42.8125,0.28759765625,0.94500732421875,0.0523681640625,0.1466064453125
25722981514,-8.265625,-7.8984375,1.73828125,1.048828125,2.84765625,22.40234375,17.3125,-9.5,44.25,0.7410888671875,0.65869140625,0.124755859375,0.037109375
25750628425,-8.46484375,-7.515625,0.55078125,-1.0625,1.33984375,22.44140625,17.3125,-9.5,44.25,0.7410888671875,0.65869140625,0.124755859375,0.037109375
25773101352,-8.078125,-6.98046875,0.16796875,-1.0625,1.33984375,22.44140625,-4.1875,-20.625,45.75,-0.97381591796875,-0.15594482421875,-0.16156005859375,0.03509521484375
25792515289,-8.078125,-6.98046875,0.16796875,-1.515625,-1.109375,22.39453125,-4.1875,-20.625,45.75,-0.97381591796875,-0.15594482421875,-0.16156005859375,0.03509521484375
25816974209,-7.921875,-6.59765625,0.28515625,-1.515625,-1.109375,22.39453125,-21.0,-11.5625,45.0,-0.91436767578125,0.3824462890625,-0.10009765625,0.08740234375
25841281130,-7.88671875,-6.3671875,-0.13671875,0.11328125,-2.69140625,22.296875,-21.0,-11.5625,45.0,-0.91436767578125,0.3824462890625,-0.10009765625,0.08740234375
25868535042,-7.8828125,-6.51953125,-1.24609375,0.11328125,-2.69140625,22.296875,-12.8125,7.375,47.5,-0.57830810546875,0.7994384765625,0.0072021484375,0.16241455078125
25891803966,-7.8828125,-6.51953125,-1.24609375,2.41796875,-2.1953125,22.189453125,-12.8125,7.375,47.5,-0.57830810546875,0.7994384765625,0.0072021484375,0.16241455078125
25914419893,-8.1875,-6.7890625,-1.32421875,2.41796875,-2.1953125,22.189453125,9.3125,14.375,46.0,-0.06060791015625,0.9737548828125,0.0721435546875,0.20721435546875
25939813810,-8.38671875,-6.82421875,-1.5546875,3.1796875,-0.61328125,22.169921875,9.3125,14.375,46.0,-0.06060791015625,0.9737548828125,0.0721435546875,0.20721435546875
25966884722,-8.34375,-7.1328125,-2.05078125,3.1796875,-0.61328125,22.169921875,23.3125,0.9375,42.6875,0.47344970703125,0.8612060546875,0.10430908203125,0.152587890625
25990638645,-8.61328125,-7.32421875,-3.046875,2.078125,1.248046875,22.208984375,23.3125,0.9375,42.6875,0.47344970703125,0.8612060546875,0.10430908203125,0.152587890625
26017276559,-8.61328125,-7.32421875,-3.046875,2.078125,1.248046875,22.208984375,12.9375,-16.625,43.375,0.8583984375,0.4908447265625,0.14556884765625,0.031982421875
26036481496,-8.6875,-7.1328125,-4.50390625,0.083984375,1.666015625,22.265625,12.9375,-16.625,43.375,0.8583984375,0.4908447265625,0.14556884765625,0.031982421875
26066693398,-8.38671875,-7.0546875,-5.1953125,0.083984375,1.666015625,22.265625,-11.6875,-18.75,43.0,-0.98284912109375,0.03338623046875,-0.1688232421875,0.06591796875
26090273322,-8.0390625,-7.09375,-4.6953125,-0.896484375,0.56640625,22.265625,-11.6875,-18.75,43.0,-0.98284912109375,0.03338623046875,-0.1688232421875,0.06591796875
26117478233,-7.8828125,-6.98046875,-4.46484375,-0.896484375,0.56640625,22.265625,-22.125,-0.3125,42.75,-0.81689453125,0.54962158203125,-0.11724853515625,0.1298828125
26143039150,-7.8828125,-6.98046875,-4.46484375,0.052734375,-1.16015625,22.16796875,-22.125,-0.3125,42.75,-0.81689453125,0.54962158203125,-0.11724853515625,0.1298828125
26171495058,-8.0390625,-6.82421875,-5.26953125,0.052734375,-1.16015625,22.16796875,-7.3125,16.0,42.4375,-0.408203125,0.89202880859375,-0.01483154296875,0.193603515625
26190619996,-8.30859375,-6.48046875,-6.3828125,1.693359375,-1.9609375,22.04296875,-7.3125,16.0,42.4375,-0.408203125,0.89202880859375,-0.01483154296875,0.193603515625
26213748922,-8.4921875,-6.328125,-6.91796875,1.693359375,-1.9609375,22.04296875,18.0625,14.1875,41.125,0.12481689453125,0.96343994140625,0.068359375,0.22711181640625
26238843841,-8.3828125,-6.328125,-7.109375,2.318359375,-1.14453125,22.03125,18.0625,14.1875,41.125,0.12481689453125,0.96343994140625,0.068359375,0.22711181640625
26267025749,-8.3828125,-6.328125,-7.109375,2.318359375,-1.14453125,22.03125,24.9375,-8.625,39.375,0.62371826171875,0.7515869140625,0.12652587890625,0.17340087890625
26286680686,-8.2265625,-6.44140625,-7.37890625,1.49609375,0.513671875,22.046875,24.9375,-8.625,39.375,0.62371826171875,0.7515869140625,0.12652587890625,0.17340087890625
26313922598,-8.26953125,-6.59765625,-7.22265625,1.49609375,0.513671875,22.046875,4.75,-25.75,39.3125,0.92578125,0.32635498046875,0.1826171875,0.0556640625
26338267519,-16.96484375,-2.6875,7.6796875,-6.267578125,-0.52734375,19.21484375,4.75,-25.75,39.3125,0.92578125,0.32635498046875,0.1826171875,0.0556640625
26366353428,-15.01171875,17.65234375,0.66796875,-6.267578125,-0.52734375,19.21484375,-21.625,-20.8125,37.8125,-0.96441650390625,0.07415771484375,-0.24114990234375,0.07867431640625
26389950352,14.9453125,-10.16015625,-6.95703125,9.857421875,-0.56640625,1.498046875,-21.625,-20.8125,37.8125,-0.96441650390625,0.07415771484375,-0.24114990234375,0.07867431640625
26412551279,14.9453125,-10.16015625,-6.95703125,9.857421875,-0.56640625,1.498046875,-26.1875,4.875,38.0,-0.9100341796875,0.04266357421875,-0.258544921875,0.3212890625
26436403202,4.71875,-10.3515625,-32.69921875,5.416015625,-0.611328125,-0.9296875,-26.1875,4.875,38.0,-0.9100341796875,0.04266357421875,-0.258544921875,0.3212890625
26463786113,2.53515625,-14.1796875,-23.31640625,5.416015625,-0.611328125,-0.9296875,-23.625,15.125,35.25,-0.8642578125,-0.03289794921875,-0.24835205078125,0.436279296875
26487926035,5.59765625,-14.2578125,-26.30078125,3.779296875,-4.01171875,-2.63671875,-23.625,15.125,35.25,-0.8642578125,-0.03289794921875,-0.24835205078125,0.436279296875
26515213947,5.59765625,-14.2578125,-26.30078125,3.779296875,-4.01171875,-2.63671875,-20.875,18.0625,34.875,-0.84124755859375,-0.14605712890625,-0.19842529296875,0.48126220703125
26534265885,0.12109375,-11.8046875,-22.12890625,0.484375,-1.375,-2.548828125,-20.875,18.0625,34.875,-0.84124755859375,-0.14605712890625,-0.19842529296875,0.48126220703125
26562657793,2.609375,-11.078125,-13.05078125,0.484375,-1.375,-2.548828125,-18.9375,18.8125,35.25,-0.82830810546875,-0.21875,-0.19805908203125,0.47625732421875
26586077717,2.80078125,-10.08203125,-9.484375,0.705078125,-1.205078125,-2.623046875,-18.9375,18.8125,35.25,-0.82830810546875,-0.21875,-0.19805908203125,0.47625732421875
26613543629,1.5390625,-8.74609375,-8.640625,0.705078125,-1.205078125,-2.623046875,-20.125,16.6875,36.8125,-0.81170654296875,-0.28887939453125,-0.200439453125,0.46636962890625
26638199549,2.0,-7.66796875,-8.18359375,-0.0078125,-0.986328125,-2.212890625,-20.125,16.6875,36.8125,-0.81170654296875,-0.28887939453125,-0.200439453125,0.46636962890625
26665984459,2.0,-7.66796875,-8.18359375,-0.0078125,-0.986328125,-2.212890625,-21.0,14.5625,36.875,-0.80010986328125,-0.34234619140625,-0.2061767578125,0.44732666015625
26684682399,1.84375,-6.25,-7.76171875,-0.421875,-0.640625,-1.65234375,-21.0,14.5625,36.875,-0.80010986328125,-0.34234619140625,-0.2061767578125,0.44732666015625
26712747308,1.4609375,-5.1015625,-7.7578125,-0.421875,-0.640625,-1.65234375,-21.0625,12.75,38.0625,-0.79364013671875,-0.37945556640625,-0.21490478515625,0.4241943359375
26735741233,1.5,-4.296875,-8.0625,-0.64453125,-0.6796875,-1.171875,-21.0625,12.75,38.0625,-0.79364013671875,-0.37945556640625,-0.21490478515625,0.4241943359375
26762759146,1.5,-4.296875,-8.0625,-0.64453125,-0.6796875,-1.171875,-20.375,9.625,39.625,-0.79345703125,-0.405029296875,-0.21917724609375,0.39794921875
26782556082,1.69140625,-3.953125,-8.52734375,-0.90625,-0.6796875,-0.669921875,-20.375,9.625,39.625,-0.79345703125,-0.405029296875,-0.21917724609375,0.39794921875
26809446995,1.8828125,-3.5703125,-8.7578125,-0.90625,-0.6796875,-0.669921875,-20.0625,6.75,39.9375,-0.800048828125,-0.41839599609375,-0.221923828125,0.36834716796875
26833293918,2.265625,-3.41796875,-9.2109375,-1.36328125,-0.634765625,-0.150390625,-20.0625,6.75,39.9375,-0.800048828125,-0.41839599609375,-0.221923828125,0.36834716796875
26862666823,2.265625,-3.41796875,-9.2109375,-1.36328125,-0.634765625,-0.150390625,-20.0625,6.75,39.9375,-0.82012939453125,-0.4212646484375,-0.2144775390625,0.32244873046875
26884905751,3.53125,-3.6484375,-9.9453125,-1.5234375,-0.580078125,0.091796875,-20.0625,6.75,39.9375,-0.82012939453125,-0.4212646484375,-0.2144775390625,0.32244873046875
26904039689,3.53125,-3.6484375,-9.9453125,-1.5234375,-0.580078125,0.091796875,-17.1875,1.5625,43.5,-0.82012939453125,-0.4212646484375,-0.2144775390625,0.32244873046875
26932047599,3.1484375,-3.453125,-10.33203125,-2.28515625,-0.546875,0.5859375,-17.1875,1.5625,43.5,-0.84222412109375,-0.413330078125,-0.2110595703125,0.2742919921875
26961955502,3.4921875,-4.48828125,-10.59765625,-2.28515625,-0.546875,0.5859375,-17.3125,-3.0,43.4375,-0.883056640625,-0.36114501953125,-0.215087890625,0.20849609375
26984335429,3.1484375,-3.609375,-9.14453125,-2.462890625,-0.3984375,0.875,-17.3125,-3.0,43.4375,-0.883056640625,-0.36114501953125,-0.215087890625,0.20849609375
27012866337,2.34375,-3.109375,-8.76171875,-2.462890625,-0.3984375,0.875,-15.5625,-7.9375,41.0625,-0.90411376953125,-0.329345703125,-0.2230224609375,0.15606689453125
27035422264,2.34375,-3.109375,-8.76171875,-2.150390625,-0.529296875,1.2890625,-15.5625,-7.9375,41.0625,-0.90411376953125,-0.329345703125,-0.2230224609375,0.15606689453125
27059403187,2.15234375,-3.41796875,-9.02734375,-2.150390625,-0.529296875,1.2890625,-13.75,-10.6875,42.1875,-0.9251708984375,-0.28790283203125,-0.2213134765625,0.1104736328125
27082383112,1.73046875,-3.37890625,-9.2890625,-2.0078125,-0.876953125,2.044921875,-13.75,-10.6875,42.1875,-0.9251708984375,-0.28790283203125,-0.2213134765625,0.1104736328125
27109615024,1.1953125,-2.99609375,-8.60546875,-2.0078125,-0.876953125,2.044921875,-14.25,-14.9375,41.0,-0.947509765625,-0.23052978515625,-0.210205078125,0.0703125
27124441976,1.1953125,-2.99609375,-8.60546875,-2.0078125,-0.876953125,2.044921875,-14.25,-14.9375,41.0,-0.947509765625,-0.23052978515625,-0.210205078125,0.0703125
27152446886,1.5390625,-2.87890625,-8.18359375,-1.650390625,-0.494140625,2.3671875,-14.25,-16.375,41.8125,-0.947509765625,-0.23052978515625,-0.210205078125,0.0703125
27179711798,4.06640625,-3.72265625,-9.14453125,-1.650390625,-0.494140625,2.3671875,-14.25,-16.375,41.8125,-0.9639892578125,-0.16455078125,-0.2047119140625,0.041259765625
27203095723,2.57421875,-3.53125,-6.65234375,-1.66015625,-0.11328125,2.740234375,-16.25,-19.25,40.5625,-0.9639892578125,-0.16455078125,-0.2047119140625,0.041259765625
27232048630,3.26171875,-1.5390625,-4.19921875,-1.591796875,1.28125,2.65234375,-16.25,-19.25,40.5625,-0.9735107421875,-0.08984375,-0.20989990234375,0.0128173828125
27255127555,3.26171875,-1.5390625,-4.19921875,-1.591796875,1.28125,2.65234375,-16.25,-19.25,40.5625,-0.9735107421875,-0.08984375,-0.20989990234375,0.0128173828125
27274341493,4.22265625,-2.49609375,-3.69921875,-1.591796875,1.28125,2.65234375,-21.625,-19.75,36.625,0.96954345703125,0.0234375,0.24371337890625,0.0052490234375
27303148401,6.171875,-1.84765625,-6.796875,-0.267578125,1.03125,1.03125,-24.625,-19.125,36.1875,0.96954345703125,0.0234375,0.24371337890625,0.0052490234375
27331833308,6.48046875,-3.2265625,-10.2109375,-0.54296875,-1.5859375,1.6875,-24.625,-19.125,36.1875,0.96514892578125,-0.00616455078125,0.261474609375,0.0054931640625
27354239236,4.21875,-2.49609375,-10.09375,-0.54296875,-1.5859375,1.6875,-24.1875,-17.6875,37.0,0.96514892578125,-0.00616455078125,0.261474609375,0.0054931640625
27382375145,4.21875,-2.49609375,-10.09375,0.837890625,-1.103515625,1.578125,-24.1875,-17.6875,37.0,0.97406005859375,-0.05645751953125,0.2191162109375,0.00787353515625
27401697083,7.8984375,0.4140625,-3.4296875,0.837890625,-1.103515625,1.578125,-24.1875,-17.6875,37.0,0.97406005859375,-0.05645751953125,0.2191162109375,0.00787353515625
27424146011,3.98828125,-1.1171875,-8.10546875,0.837890625,-1.103515625,1.578125,-23.375,-15.5625,38.25,-0.97674560546875,0.09130859375,-0.19207763671875,0.02667236328125
27451607922,4.52734375,-1.76953125,-9.2890625,1.765625,-0.693359375,1.56640625,-20.5625,-10.5625,40.25,-0.97674560546875,0.09130859375,-0.19207763671875,0.02667236328125
27482430823,4.48828125,-2.6875,-8.56640625,0.498046875,-1.671875,1.45703125,-20.5625,-10.5625,40.25,-0.97540283203125,0.12109375,-0.1697998046875,0.07159423828125
27504945750,4.48828125,-2.6875,-8.56640625,0.498046875,-1.671875,1.45703125,-20.5625,-10.5625,40.25,-0.97540283203125,0.12109375,-0.1697998046875,0.07159423828125
27524246688,4.44921875,-3.0703125,-8.6015625,0.498046875,-1.671875,1.45703125,-18.625,-8.0,41.5,-0.95703125,0.26824951171875,-0.10052490234375,0.044921875
27552585597,2.2265625,-2.91796875,-8.83203125,-0.701171875,-0.87890625,1.130859375,-16.6875,-8.3125,43.875,-0.95703125,0.26824951171875,-0.10052490234375,0.044921875
27580101508,1.23046875,-2.8046875,-9.29296875,-0.701171875,-0.87890625,1.130859375,-16.6875,-8.3125,43.875,-0.9371337890625,0.341552734375,-0.068359375,0.02099609375
27601337440,2.0,-2.61328125,-9.14453125,-0.642578125,0.576171875,0.572265625,-17.125,-9.0,43.0,-0.9371337890625,0.341552734375,-0.068359375,0.02099609375
27628706352,2.0,-2.61328125,-9.14453125,-0.642578125,0.576171875,0.572265625,-17.125,-9.0,43.0,0.923095703125,-0.3782958984375,0.06884765625,0.00592041015625
27643735303,3.26171875,-1.2734375,-8.87109375,-1.123046875,0.50390625,0.392578125,-17.125,-9.0,43.0,0.923095703125,-0.3782958984375,0.06884765625,0.00592041015625
27668233224,2.765625,-0.7734375,-8.8671875,-1.123046875,0.50390625,0.392578125,-19.4375,-11.9375,41.8125,0.9117431640625,-0.40325927734375,0.06640625,0.04083251953125
27691857148,3.64453125,-1.73046875,-9.671875,-1.46875,0.375,0.7890625,-19.4375,-11.9375,41.8125,0.9117431640625,-0.40325927734375,0.06640625,0.04083251953125
27720424056,4.41015625,-1.8828125,-10.2109375,-1.46875,0.375,0.7890625,-20.625,-13.0625,41.8125,0.89788818359375,-0.42999267578125,0.060302734375,0.07257080078125
27742649977,4.41015625,-1.8828125,-10.2109375,-0.02734375,-0.236328125,0.51953125,-20.625,-13.0625,41.8125,0.89788818359375,-0.42999267578125,0.060302734375,0.07257080078125
27765299873,2.57421875,-0.4296875,-8.26171875,-0.02734375,-0.236328125,0.51953125,-20.25,-12.6875,41.0,0.8890380859375,-0.448974609375,0.053466796875,0.0721435546875
27789449763,2.99609375,-1.1171875,-9.87109375,-0.0859375,-0.31640625,0.474609375,-20.25,-12.6875,41.0,0.8890380859375,-0.448974609375,0.053466796875,0.0721435546875
27817495636,2.99609375,-1.1171875,-9.87109375,-0.0859375,-0.31640625,0.474609375,-19.4375,-12.3125,41.4375,0.88201904296875,-0.46337890625,0.04571533203125,0.07196044921875
27840685530,2.53515625,-2.0390625,-9.83203125,-0.1015625,-0.203125,0.234375,-19.4375,-12.3125,41.4375,0.88201904296875,-0.46337890625,0.04571533203125,0.07196044921875
27863698425,2.7265625,-1.46484375,-8.828125,-0.1015625,-0.203125,0.234375,-20.625,-13.375,43.0,0.878173828125,-0.47125244140625,0.03985595703125,0.0718994140625
27888092314,2.11328125,-1.1171875,-8.4453125,-0.056640625,-0.67578125,0.173828125,-20.625,-13.375,43.0,0.878173828125,-0.47125244140625,0.03985595703125,0.0718994140625
27914043196,2.11328125,-1.1171875,-8.4453125,-0.056640625,-0.67578125,0.173828125,-18.375,-12.25,41.8125,0.87646484375,-0.476318359375,0.026123046875,0.0653076171875
27938075086,2.53515625,-1.84765625,-9.8671875,-0.076171875,-0.490234375,-0.091796875,-18.375,-12.25,41.8125,0.87646484375,-0.476318359375,0.026123046875,0.0653076171875
27966730956,2.53515625,-1.84765625,-9.8671875,-0.076171875,-0.490234375,-0.091796875,-18.0,-13.3125,43.0,0.876953125,-0.47613525390625,0.0140380859375,0.06396484375
27988295857,2.15234375,-1.921875,-10.17578125,-0.435546875,-0.1171875,-0.36328125,-18.0,-13.3125,43.0,0.876953125,-0.47613525390625,0.0140380859375,0.06396484375
28015285734,1.921875,-1.69140625,-9.21484375,-0.435546875,-0.1171875,-0.36328125,-17.25,-13.9375,42.25,0.88043212890625,-0.4686279296875,0.00555419921875,0.07171630859375
28039476624,2.19140625,-1.34765625,-8.1015625,-0.240234375,-0.416015625,-0.65625,-17.25,-13.9375,42.25,0.88043212890625,-0.4686279296875,0.00555419921875,0.07171630859375
28065950504,2.265625,-0.7734375,-7.875,-0.240234375,-0.416015625,-0.65625,-14.625,-14.9375,42.1875,0.8870849609375,-0.45599365234375,-0.00958251953125,0.07135009765625
28089285397,2.265625,-0.7734375,-7.875,-0.2578125,-0.90625,-0.7421875,-14.625,-14.9375,42.1875,0.8870849609375,-0.45599365234375,-0.00958251953125,0.07135009765625
28113529287,1.15625,-0.46875,-8.26171875,-0.2578125,-0.90625,-0.7421875,-12.8125,-16.3125,42.1875,0.894287109375,-0.4415283203125,-0.03289794921875,0.06536865234375
28135943185,1.15625,0.26171875,-8.5625,0.22265625,-1.009765625,-0.630859375,-12.8125,-16.3125,42.1875,0.894287109375,-0.4415283203125,-0.03289794921875,0.06536865234375
28163802879,0.46484375,-0.19921875,-9.44921875,0.22265625,-1.009765625,-0.630859375,-11.25,-15.9375,41.8125,0.900146484375,-0.4293212890625,-0.05364990234375,0.05084228515625
28186989535,-0.5703125,-0.66015625,-10.01953125,-0.466796875,-0.455078125,-0.556640625,-11.25,-15.9375,41.8125,0.900146484375,-0.4293212890625,-0.05364990234375,0.05084228515625
28204425276,-0.5703125,-0.66015625,-10.01953125,-0.466796875,-0.455078125,-0.556640625,-8.6875,-17.625,41.75,0.900146484375,-0.4293212890625,-0.05364990234375,0.05084228515625
28232921853,-0.453125,-0.58203125,-9.29296875,-0.392578125,-0.271484375,-0.6640625,-8.6875,-17.625,41.75,0.9049072265625,-0.41632080078125,-0.06884765625,0.055908203125
28259708456,-0.26171875,-0.27734375,-8.90625,-0.392578125,-0.271484375,-0.6640625,-8.3125,-17.1875,42.9375,0.9107666015625,-0.40106201171875,-0.07830810546875,0.0587158203125
28283031110,0.08203125,0.18359375,-9.171875,0.30078125,-0.212890625,-0.494140625,-8.3125,-17.1875,42.9375,0.9107666015625,-0.40106201171875,-0.07830810546875,0.0587158203125
28305822772,0.08203125,0.18359375,-9.171875,0.30078125,-0.212890625,-0.494140625,-8.3125,-17.1875,42.9375,0.9107666015625,-0.40106201171875,-0.07830810546875,0.0587158203125
28325025487,0.04296875,-0.23828125,-9.41015625,0.30078125,-0.212890625,-0.494140625,-6.75,-17.1875,41.75,0.915771484375,-0.39044189453125,-0.08074951171875,0.04888916015625
28352818075,-0.26171875,-0.92578125,-9.59765625,0.14453125,-0.19921875,-0.373046875,-7.125,-16.8125,43.375,0.915771484375,-0.39044189453125,-0.08074951171875,0.04888916015625
28380282668,-0.60546875,-1.234375,-9.71484375,0.14453125,-0.19921875,-0.373046875,-7.125,-16.8125,43.375,0.9195556640625,-0.381591796875,-0.083984375,0.04241943359375
28403108329,-0.68359375,-0.8515625,-9.9453125,0.26953125,-0.251953125,-0.55078125,-4.875,-16.375,43.375,0.9195556640625,-0.381591796875,-0.083984375,0.04241943359375
28422123047,-0.68359375,-0.8515625,-9.9453125,0.26953125,-0.251953125,-0.55078125,-4.875,-16.375,43.375,0.92486572265625,-0.368896484375,-0.08636474609375,0.0328369140625
28444831710,-0.60546875,-0.46875,-9.7890625,0.26171875,-0.15625,-0.490234375,-4.875,-16.375,43.375,0.92486572265625,-0.368896484375,-0.08636474609375,0.0328369140625
28469863339,-0.64453125,-0.62109375,-9.671875,0.26171875,-0.15625,-0.490234375,-4.8125,-15.75,43.75,0.929443359375,-0.35748291015625,-0.08807373046875,0.0235595703125
28493233992,-0.64453125,-0.62109375,-9.671875,0.310546875,-0.267578125,-0.46484375,-4.8125,-15.75,43.75,0.929443359375,-0.35748291015625,-0.08807373046875,0.0235595703125
28516168652,-0.796875,-1.04296875,-9.9765625,0.310546875,-0.267578125,-0.46484375,-3.375,-15.3125,44.1875,0.93359375,-0.3463134765625,-0.09100341796875,0.01251220703125
28539873301,-0.9140625,-1.2734375,-10.01953125,0.337890625,-0.302734375,-0.548828125,-3.375,-15.3125,44.1875,0.93359375,-0.3463134765625,-0.09100341796875,0.01251220703125
28566086912,-0.98828125,-1.234375,-10.05859375,0.337890625,-0.302734375,-0.548828125,-1.75,-14.5625,44.1875,0.93817138671875,-0.33306884765625,-0.0946044921875,0.001220703125
28589218569,-0.875,-1.15625,-9.828125,0.1875,-0.18359375,-0.623046875,-1.75,-14.5625,44.1875,0.93817138671875,-0.33306884765625,-0.0946044921875,0.001220703125
28615797174,-0.875,-1.15625,-9.828125,0.1875,-0.18359375,-0.623046875,-0.3125,-14.875,43.3125,-0.943359375,0.3173828125,0.09649658203125,0.0079345703125
28634939890,-0.8359375,-1.00390625,-9.37109375,0.400390625,-0.21875,-0.658203125,-0.3125,-14.875,43.3125,-0.943359375,0.3173828125,0.09649658203125,0.0079345703125
28663027474,-0.68359375,-1.04296875,-8.98828125,0.400390625,-0.21875,-0.658203125,-0.5625,-13.125,43.4375,-0.94805908203125,0.30194091796875,0.09771728515625,0.02020263671875
28685767137,-0.60546875,-1.30859375,-8.52734375,0.177734375,-0.2109375,-0.583984375,-0.5625,-13.125,43.4375,-0.94805908203125,0.30194091796875,0.09771728515625,0.02020263671875
28713617723,-1.02734375,-1.73046875,-8.0625,0.177734375,-0.2109375,-0.583984375,0.5625,-12.8125,43.4375,-0.95208740234375,0.28717041015625,0.10162353515625,0.0274658203125
28736298387,-1.02734375,-1.73046875,-8.0625,0.140625,-0.4375,-0.736328125,0.5625,-12.8125,43.4375,-0.95208740234375,0.28717041015625,0.10162353515625,0.0274658203125
28755316105,-1.41015625,-2.265625,-7.76171875,0.140625,-0.4375,-0.736328125,2.8125,-12.375,43.8125,-0.95208740234375,0.28717041015625,0.10162353515625,0.0274658203125
28783395688,-1.640625,-2.4609375,-7.5703125,0.515625,-0.8046875,-1.009765625,2.8125,-12.375,43.8125,-0.9564208984375,0.267578125,0.11083984375,0.037353515625
28810545286,-1.52734375,-2.91796875,-8.26171875,0.515625,-0.8046875,-1.009765625,5.1875,-10.125,43.8125,-0.96038818359375,0.2425537109375,0.1240234375,0.05865478515625
28825076070,-1.52734375,-2.91796875,-8.26171875,0.515625,-0.8046875,-1.009765625,5.1875,-10.125,43.8125,-0.96038818359375,0.2425537109375,0.1240234375,0.05865478515625
28853395650,-2.21484375,-3.26171875,-8.60546875,0.787109375,-0.662109375,-1.216796875,5.9375,-8.0,44.625,-0.96038818359375,0.2425537109375,0.1240234375,0.05865478515625
28880864243,-3.25,-2.84375,-8.3359375,0.787109375,-0.662109375,-1.216796875,5.9375,-8.0,44.625,-0.96429443359375,0.21240234375,0.132568359375,0.0865478515625
28913395760,-3.48046875,-2.265625,-8.87109375,1.154296875,-0.80078125,-1.486328125,8.6875,-6.5625,44.625,-0.9661865234375,0.17645263671875,0.14239501953125,0.1226806640625
28940640356,-4.4765625,-1.65625,-10.63671875,0.7734375,-0.85546875,-1.552734375,8.6875,-6.5625,44.625,-0.9661865234375,0.17645263671875,0.14239501953125,0.1226806640625
28966496973,-6.3125,0.30078125,-13.0078125,0.7734375,-0.85546875,-1.552734375,11.875,-2.9375,44.6875,-0.96728515625,0.1370849609375,0.15435791015625,0.14727783203125
28990169622,-8.0,3.59375,-15.65234375,-0.302734375,-0.6328125,-1.12109375,11.875,-2.9375,44.6875,-0.96728515625,0.1370849609375,0.15435791015625,0.14727783203125
29016140236,-8.0,3.59375,-15.65234375,-0.302734375,-0.6328125,-1.12109375,13.375,-2.875,43.4375,-0.9693603515625,0.10797119140625,0.1668701171875,0.14453125
29035027956,-10.98828125,5.77734375,-18.7890625,-1.115234375,-0.509765625,0.38671875,13.375,-2.875,43.4375,-0.9693603515625,0.10797119140625,0.1668701171875,0.14453125
29060701575,-16.3515625,6.3125,-23.0390625,-1.115234375,-0.509765625,0.38671875,14.8125,-4.9375,43.0,-0.970458984375,0.112060546875,0.18035888671875,0.11456298828125
29083264241,-20.14453125,5.5859375,-25.19140625,-1.412109375,0.673828125,1.27734375,14.8125,-4.9375,43.0,-0.970458984375,0.112060546875,0.18035888671875,0.11456298828125
29097059036,-20.14453125,5.5859375,-25.19140625,-1.412109375,0.673828125,1.27734375,14.8125,-4.9375,43.0,-0.970458984375,0.112060546875,0.18035888671875,0.11456298828125
29120868683,-24.81640625,8.8046875,-22.43359375,-1.412109375,0.673828125,1.27734375,12.375,-8.5625,42.1875,-0.972412109375,0.137451171875,0.1732177734375,0.07421875
29143559348,-24.3515625,17.1171875,-20.515625,-1.736328125,0.087890625,2.837890625,12.375,-8.5625,42.1875,-0.972412109375,0.137451171875,0.1732177734375,0.07421875
29169018974,-24.3515625,17.1171875,-20.515625,-1.736328125,0.087890625,2.837890625,9.9375,-14.625,43.75,-0.95989990234375,0.21575927734375,0.17864990234375,0.0113525390625
29187606702,-21.75390625,21.328125,-16.45703125,-1.84765625,0.099609375,8.26171875,9.9375,-14.625,43.75,-0.95989990234375,0.21575927734375,0.17864990234375,0.0113525390625
29212505336,-21.75390625,21.328125,-16.45703125,-1.84765625,0.099609375,8.26171875,2.5,-21.875,40.9375,0.89276123046875,-0.40869140625,-0.1806640625,0.056884765625
29234393015,-22.59375,25.23828125,-7.796875,-1.84765625,0.099609375,8.26171875,2.5,-21.875,40.9375,0.89276123046875,-0.40869140625,-0.1806640625,0.056884765625
29252964743,-27.57421875,27.19140625,-6.95703125,1.736328125,-0.369140625,14.119140625,2.5,-21.875,40.9375,0.89276123046875,-0.40869140625,-0.1806640625,0.056884765625
29275149418,-21.9765625,8.11328125,-7.26171875,1.736328125,-0.369140625,14.119140625,-9.5,-18.3125,42.9375,0.6842041015625,-0.7105712890625,-0.1380615234375,0.089111328125
29302012024,-19.57421875,-6.0234375,4.26953125,2.056640625,-0.103515625,20.802734375,-9.5,-18.3125,42.9375,0.6842041015625,-0.7105712890625,-0.1380615234375,0.089111328125
29324438695,-19.57421875,-6.0234375,4.26953125,2.056640625,-0.103515625,20.802734375,-17.25,-0.875,45.0625,0.25445556640625,-0.9599609375,-0.0426025390625,0.10894775390625
29343554414,-7.0,-6.94140625,2.8515625,2.26171875,-0.15234375,21.30078125,-17.25,-0.875,45.0625,0.25445556640625,-0.9599609375,-0.0426025390625,0.10894775390625
29365908087,-8.15234375,-6.25,1.625,2.26171875,-0.15234375,21.30078125,-5.75,16.0625,43.5625,-0.2623291015625,-0.9573974609375,0.06640625,0.10101318359375
29388832750,-7.62109375,-6.13671875,0.8203125,1.544921875,0.517578125,21.333984375,-5.75,16.0625,43.5625,-0.2623291015625,-0.9573974609375,0.06640625,0.10101318359375
29417879324,-7.62109375,-6.13671875,0.8203125,1.544921875,0.517578125,21.333984375,15.75,13.8125,42.3125,-0.7049560546875,-0.69158935546875,0.13775634765625,0.0755615234375
29436582050,-7.30859375,-6.17578125,0.24609375,0.53125,0.701171875,21.36328125,15.75,13.8125,42.3125,-0.7049560546875,-0.69158935546875,0.13775634765625,0.0755615234375
29463791651,-7.078125,-6.328125,0.16796875,0.53125,0.701171875,21.36328125,20.125,-5.5625,42.5625,-0.9599609375,-0.229736328125,0.15960693359375,0.0140380859375
29485556332,-6.92578125,-6.51953125,-0.40625,-0.09765625,0.009765625,21.357421875,20.125,-5.5625,42.5625,-0.9599609375,-0.229736328125,0.15960693359375,0.0140380859375
29504153059,-6.92578125,-6.51953125,-0.40625,-0.09765625,0.009765625,21.357421875,5.25,-21.5,42.125,-0.9599609375,-0.229736328125,0.15960693359375,0.0140380859375
29530126678,-7.0390625,-6.671875,-1.0546875,-0.09765625,0.009765625,21.357421875,5.25,-21.5,42.125,0.9423828125,-0.2899169921875,-0.1517333984375,0.06976318359375
29553190340,-7.30859375,-6.59765625,-1.82421875,0.080078125,-1.03515625,21.296875,5.25,-21.5,42.125,0.9423828125,-0.2899169921875,-0.1517333984375,0.06976318359375
29575427014,-7.50390625,-6.328125,-2.43359375,0.080078125,-1.03515625,21.296875,-14.75,-18.5,43.6875,0.66278076171875,-0.7281494140625,-0.1199951171875,0.12689208984375
29594417735,-7.50390625,-6.328125,-2.43359375,0.541015625,-1.421875,21.26953125,-14.75,-18.5,43.6875,0.66278076171875,-0.7281494140625,-0.1199951171875,0.12689208984375
29616827407,-7.6953125,-6.328125,-3.0859375,0.541015625,-1.421875,21.26953125,-19.4375,0.8125,45.875,0.20294189453125,-0.96820068359375,-0.04931640625,0.13763427734375
29639405076,-7.9609375,-6.09765625,-3.5859375,1.35546875,-0.94140625,21.185546875,-19.4375,0.8125,45.875,0.20294189453125,-0.96820068359375,-0.04931640625,0.13763427734375
29666268682,-7.9609375,-6.09765625,-3.5859375,1.35546875,-0.94140625,21.185546875,-3.875,16.8125,45.125,-0.3062744140625,-0.9429931640625,0.0528564453125,0.1190185546875
29685479400,-7.8046875,-5.83203125,-4.19921875,1.775390625,-0.03125,21.181640625,-3.875,16.8125,45.125,-0.3062744140625,-0.9429931640625,0.0528564453125,0.1190185546875
29713707986,-7.58203125,-5.83203125,-4.734375,1.775390625,-0.03125,21.181640625,16.0625,13.4375,43.875,-0.7337646484375,-0.6580810546875,0.1429443359375,0.08984375
29736158657,-7.421875,-6.09765625,-4.7734375,1.7265625,0.619140625,21.19140625,16.0625,13.4375,43.875,-0.7337646484375,-0.6580810546875,0.1429443359375,0.08984375
29764030248,-7.421875,-6.09765625,-4.7734375,1.7265625,0.619140625,21.19140625,21.625,-4.75,43.375,-0.96441650390625,-0.184326171875,0.184814453125,0.0416259765625
29788191894,-7.4609375,-6.21484375,-4.84765625,0.943359375,0.232421875,21.181640625,21.625,-4.75,43.375,-0.96441650390625,-0.184326171875,0.184814453125,0.0416259765625
29811568551,-7.5,-6.3671875,-5.4609375,0.943359375,0.232421875,21.181640625,8.3125,-19.9375,45.25,0.92633056640625,-0.327392578125,-0.18292236328125,0.03558349609375
29835747196,-7.42578125,-6.2890625,-7.0703125,-0.009765625,-0.505859375,21.177734375,8.3125,-19.9375,45.25,0.92633056640625,-0.327392578125,-0.18292236328125,0.03558349609375
29863975782,-7.42578125,-6.2890625,-7.0703125,-0.009765625,-0.505859375,21.177734375,-12.5,-19.125,44.0625,0.6336669921875,-0.74908447265625,-0.1534423828125,0.117431640625
29886828447,-7.50390625,-6.21484375,-8.64453125,-0.009765625,-0.505859375,21.177734375,-12.5,-19.125,44.0625,0.6336669921875,-0.74908447265625,-0.1534423828125,0.117431640625
29905962166,-16.01171875,-3.68359375,-8.52734375,-0.154296875,-0.55859375,20.62890625,-20.0625,-6.625,45.0,0.6336669921875,-0.74908447265625,-0.1534423828125,0.117431640625
29934718745,-73.85546875,-28.23828125,-29.82421875,-2.078125,-3.708984375,2.47265625,-20.0625,-6.625,45.0,0.3184814453125,-0.931884765625,-0.12237548828125,0.12335205078125
29961722349,10.5,3.09375,-1.8984375,-2.078125,-3.708984375,2.47265625,-14.3125,-5.0,46.9375,0.28314208984375,-0.93951416015625,-0.15008544921875,0.12078857421875
29984873009,-16.84765625,5.69921875,-38.02734375,-6.58203125,6.875,1.087890625,-14.3125,-5.0,46.9375,0.28314208984375,-0.93951416015625,-0.15008544921875,0.12078857421875
30012791600,-16.84765625,5.69921875,-38.02734375,-6.58203125,6.875,1.087890625,-31.3125,-16.125,36.625,0.2674560546875,-0.87628173828125,-0.22576904296875,0.3311767578125
30035720263,-32.74609375,-1.921875,1.35546875,-6.58203125,6.875,1.087890625,-31.3125,-16.125,36.625,0.2674560546875,-0.87628173828125,-0.22576904296875,0.3311767578125
30055096979,27.125,11.140625,-18.75390625,-0.921875,4.4921875,4.078125,-41.9375,-17.25,26.6875,0.2674560546875,-0.87628173828125,-0.22576904296875,0.3311767578125
30083652560,1.9609375,-0.46875,-10.9765625,2.265625,-2.1875,-1.34765625,-41.9375,-17.25,26.6875,0.2308349609375,-0.84515380859375,-0.20184326171875,0.437744140625
30106253229,2.6875,-1.04296875,5.265625,2.265625,-2.1875,-1.34765625,-38.9375,-16.375,33.4375,0.2308349609375,-0.84515380859375,-0.20184326171875,0.437744140625
30135164805,2.6875,-1.04296875,5.265625,4.568359375,0.0546875,-0.623046875,-38.9375,-16.375,33.4375,0.27203369140625,-0.8748779296875,-0.180908203125,0.3575439453125
30154313526,-3.40234375,6.65625,-10.015625,4.568359375,0.0546875,-0.623046875,-35.6875,-8.875,35.875,0.27203369140625,-0.8748779296875,-0.180908203125,0.3575439453125
30181823127,2.2265625,0.52734375,-9.75,4.568359375,0.0546875,-0.623046875,-35.6875,-8.875,35.875,0.32012939453125,-0.89031982421875,-0.09381103515625,0.30987548828125
30205189788,2.609375,-1.1171875,-9.25,3.869140625,-0.896484375,-0.15234375,-33.9375,-2.5,37.4375,0.32012939453125,-0.89031982421875,-0.09381103515625,0.30987548828125
30232839387,1.38671875,-3.68359375,-9.25390625,3.869140625,-0.896484375,-0.15234375,-33.9375,-2.5,37.4375,0.34661865234375,-0.90081787109375,-0.018310546875,0.2608642578125
30246994182,1.38671875,-3.68359375,-9.25390625,2.228515625,-1.123046875,0.630859375,-33.9375,-2.5,37.4375,0.34661865234375,-0.90081787109375,-0.018310546875,0.2608642578125
30271525826,2.15234375,-2.3828125,-10.21484375,2.228515625,-1.123046875,0.630859375,-31.875,4.0,39.125,0.34625244140625,-0.9124755859375,0.0263671875,0.21636962890625
30295318481,1.4609375,-0.7734375,-10.515625,0.90625,-0.033203125,0.72265625,-31.875,4.0,39.125,0.34625244140625,-0.9124755859375,0.0263671875,0.21636962890625
30320781112,2.57421875,0.71875,-13.3125,0.90625,-0.033203125,0.72265625,-30.3125,6.875,39.125,0.33306884765625,-0.91802978515625,0.04254150390625,0.21087646484375
30344921762,2.57421875,0.71875,-13.3125,-1.0234375,0.361328125,0.73828125,-30.3125,6.875,39.125,0.33306884765625,-0.91802978515625,0.04254150390625,0.21087646484375
30367668432,3.72265625,0.875,-11.1328125,-1.0234375,0.361328125,0.73828125,-31.0625,5.4375,40.3125,0.3111572265625,-0.92333984375,0.02557373046875,0.2236328125
30391984079,3.875,1.2578125,-8.48828125,-0.7109375,-0.5078125,0.548828125,-31.0625,5.4375,40.3125,0.3111572265625,-0.92333984375,0.02557373046875,0.2236328125
30419266683,3.53125,1.296875,-7.375,-0.7109375,-0.5078125,0.548828125,-30.0,5.125,40.3125,0.29595947265625,-0.9307861328125,0.0115966796875,0.21417236328125
30442851341,1.5390625,0.30078125,-9.40625,0.423828125,-1.130859375,0.533203125,-30.0,5.125,40.3125,0.29595947265625,-0.9307861328125,0.0115966796875,0.21417236328125
30469489955,1.5390625,0.30078125,-9.40625,0.423828125,-1.130859375,0.533203125,-27.3125,6.5625,41.4375,0.28411865234375,-0.94061279296875,0.01416015625,0.18524169921875
30489322668,0.46484375,-0.92578125,-12.47265625,-0.1015625,-1.18359375,0.8671875,-27.3125,6.5625,41.4375,0.28411865234375,-0.94061279296875,0.01416015625,0.18524169921875
30516315276,1.34765625,-1.078125,-10.78515625,-0.1015625,-1.18359375,0.8671875,-23.5,6.3125,43.0625,0.26422119140625,-0.9515380859375,0.00640869140625,0.1573486328125
30539924934,0.0078125,-0.27734375,-8.48828125,-0.13671875,-1.154296875,0.740234375,-23.5,6.3125,43.0625,0.26422119140625,-0.9515380859375,0.00640869140625,0.1573486328125
30567379536,0.0078125,-0.27734375,-8.48828125,-0.13671875,-1.154296875,0.740234375,-21.1875,8.5625,43.875,0.246337890625,-0.96026611328125,0.0006103515625,0.131103515625
30586483259,-1.48828125,0.14453125,-7.87890625,0.193359375,-1.041015625,0.625,-21.1875,8.5625,43.875,0.246337890625,-0.96026611328125,0.0006103515625,0.131103515625
30614631850,-0.9140625,-0.390625,-7.98828125,0.193359375,-1.041015625,0.625,-18.125,9.3125,43.875,0.23126220703125,-0.96728515625,0.00091552734375,0.1043701171875
30637273522,1.73046875,0.98828125,-7.11328125,0.220703125,-1.013671875,0.7734375,-18.125,9.3125,43.875,0.23126220703125,-0.96728515625,0.00091552734375,0.1043701171875
30664803123,0.92578125,0.56640625,-8.14453125,0.220703125,-1.013671875,0.7734375,-15.0625,9.75,45.0625,0.21380615234375,-0.9736328125,0.00189208984375,0.0797119140625
30688314782,0.92578125,0.56640625,-8.14453125,-0.150390625,-0.3125,0.55078125,-15.0625,9.75,45.0625,0.21380615234375,-0.9736328125,0.00189208984375,0.0797119140625
30716498373,-1.296875,-0.19921875,-9.98046875,-0.150390625,-0.3125,0.55078125,-13.125,10.5625,46.6875,0.2012939453125,-0.97796630859375,-0.0118408203125,0.053955078125
30736161088,0.88671875,-0.8515625,-9.171875,-0.4453125,0.95703125,0.185546875,-13.125,10.5625,46.6875,0.2012939453125,-0.97796630859375,-0.0118408203125,0.053955078125
30764258681,3.37890625,-0.734375,-11.3984375,-0.4453125,0.95703125,0.185546875,-15.8125,9.375,45.5,0.2667236328125,-0.962158203125,-0.0281982421875,0.04852294921875
30786816353,2.2265625,0.68359375,-11.28515625,-0.037109375,0.0390625,0.103515625,-15.8125,9.375,45.5,0.2667236328125,-0.962158203125,-0.0281982421875,0.04852294921875
30814256956,2.2265625,0.68359375,-11.28515625,-0.037109375,0.0390625,0.103515625,-15.375,9.375,44.6875,0.30804443359375,-0.95001220703125,-0.03472900390625,0.03765869140625
30833451677,2.53515625,1.5234375,-10.671875,-0.037109375,0.0390625,0.103515625,-15.375,9.375,44.6875,0.30804443359375,-0.95001220703125,-0.03472900390625,0.03765869140625
30856004350,3.03125,0.3359375,-10.359375,0.11328125,0.4375,0.0859375,-16.9375,9.375,44.3125,0.30804443359375,-0.95001220703125,-0.03472900390625,0.03765869140625
30884658935,2.3046875,0.56640625,-10.2109375,0.171875,0.4296875,0.08203125,-16.9375,9.375,44.3125,0.31182861328125,-0.9486083984375,-0.0283203125,0.04571533203125
30912508531,2.3046875,0.56640625,-10.2109375,0.171875,0.4296875,0.08203125,-16.9375,9.375,44.3125,0.3104248046875,-0.9488525390625,-0.0225830078125,0.0533447265625
30935525197,1.61328125,0.375,-9.7890625,0.171875,0.4296875,0.08203125,-18.125,9.3125,44.6875,0.3104248046875,-0.9488525390625,-0.0225830078125,0.0533447265625
30955272911,1.1953125,0.4921875,-9.63671875,-0.125,0.125,0.029296875,-18.375,10.375,43.125,0.3104248046875,-0.9488525390625,-0.0225830078125,0.0533447265625
30984644485,0.92578125,0.60546875,-9.59765625,-0.115234375,0.25,0.009765625,-18.375,10.375,43.125,0.3096923828125,-0.94873046875,-0.024169921875,0.0579833984375
31012159086,0.8125,0.453125,-9.52734375,-0.115234375,0.25,0.009765625,-18.8125,9.3125,45.0625,0.3095703125,-0.94830322265625,-0.0245361328125,0.06500244140625
31035784743,0.84765625,0.3359375,-9.63671875,-0.0234375,0.234375,-0.037109375,-18.8125,9.3125,45.0625,0.3095703125,-0.94830322265625,-0.0245361328125,0.06500244140625
31063570340,0.84765625,0.3359375,-9.63671875,-0.0234375,0.234375,-0.037109375,-20.0,9.3125,45.875,0.31060791015625,-0.9476318359375,-0.023193359375,0.07080078125
31082034072,1.00390625,0.4140625,-9.63671875,-0.0234375,0.234375,-0.037109375,-20.0,9.3125,45.875,0.31060791015625,-0.9476318359375,-0.023193359375,0.07080078125
31105328735,1.0390625,0.375,-9.484375,0.017578125,0.220703125,-0.06640625,-20.375,9.25,42.3125,0.31060791015625,-0.9476318359375,-0.023193359375,0.07080078125
31132379342,1.078125,0.30078125,-9.40625,0.017578125,0.220703125,-0.06640625,-20.375,9.25,42.3125,0.31231689453125,-0.94671630859375,-0.0213623046875,0.0758056640625
31155003016,1.078125,0.30078125,-9.40625,0.029296875,0.1875,-0.07421875,-20.375,9.25,42.3125,0.31231689453125,-0.94671630859375,-0.0213623046875,0.0758056640625
31174652734,1.15625,0.109375,-9.484375,0.029296875,0.1875,-0.07421875,-20.0,9.0,43.875,0.3143310546875,-0.94573974609375,-0.01898193359375,0.08001708984375
31197142412,1.1953125,-0.23828125,-9.171875,0.046875,0.08984375,-0.076171875,-20.0,9.0,43.875,0.3143310546875,-0.94573974609375,-0.01898193359375,0.08001708984375
31221915057,1.00390625,-0.0078125,-9.63671875,0.046875,0.08984375,-0.076171875,-20.0,9.0,45.0625,0.31646728515625,-0.9449462890625,-0.017578125,0.08111572265625
31245243722,1.00390625,-0.0078125,-9.63671875,0.033203125,-0.166015625,-0.095703125,-20.0,9.0,45.0625,0.31646728515625,-0.9449462890625,-0.017578125,0.08111572265625
31267964396,0.46484375,-0.23828125,-10.44140625,0.033203125,-0.166015625,-0.095703125,-21.125,9.9375,44.6875,0.31878662109375,-0.94451904296875,-0.01849365234375,0.0767822265625
31292024051,0.08203125,-0.12109375,-11.3984375,0.044921875,-0.27734375,-0.10546875,-21.125,9.9375,44.6875,0.31878662109375,-0.94451904296875,-0.01849365234375,0.0767822265625
31320436644,-0.0703125,0.03125,-12.046875,0.044921875,-0.27734375,-0.10546875,-21.125,9.9375,44.6875,0.33624267578125,-0.939453125,-0.02008056640625,0.06341552734375
31345036291,-0.109375,0.3359375,-12.8125,0.1796875,-1.103515625,-0.220703125,-21.125,9.9375,44.6875,0.33624267578125,-0.939453125,-0.02008056640625,0.06341552734375
31372766894,0.12109375,0.68359375,-12.6640625,0.1796875,-1.103515625,-0.220703125,-18.125,9.3125,45.875,0.36627197265625,-0.92974853515625,-0.0274658203125,0.0247802734375
31396283556,0.12109375,0.68359375,-12.6640625,0.46875,-2.828125,-0.5859375,-18.125,9.3125,45.875,0.36627197265625,-0.92974853515625,-0.0274658203125,0.0247802734375
31420159214,-0.953125,0.98828125,-12.43359375,0.46875,-2.828125,-0.5859375,-11.625,10.625,46.6875,-0.39691162109375,0.91497802734375,0.04736328125,0.05535888671875
31443626877,-2.90625,0.109375,-15.11328125,0.322265625,-3.681640625,-0.28515625,-11.625,10.625,46.6875,-0.39691162109375,0.91497802734375,0.04736328125,0.05535888671875
31470490492,-3.05859375,-0.4296875,-15.19140625,0.322265625,-3.681640625,-0.28515625,-2.1875,10.875,48.6875,-0.4168701171875,0.89239501953125,0.0831298828125,0.1513671875
31495202138,-2.21484375,0.8359375,-12.43359375,0.109375,-5.853515625,0.044921875,-2.1875,10.875,48.6875,-0.4168701171875,0.89239501953125,0.0831298828125,0.1513671875
31522116752,-2.21484375,0.8359375,-12.43359375,0.109375,-5.853515625,0.044921875,11.875,12.0,46.625,-0.39666748046875,0.8575439453125,0.143310546875,0.29449462890625
31541870469,-4.16796875,-0.54296875,-9.7109375,0.921875,-9.78515625,-0.30078125,11.875,12.0,46.625,-0.39666748046875,0.8575439453125,0.143310546875,0.29449462890625
31570348060,-8.61328125,-2.23046875,-9.52734375,0.921875,-9.78515625,-0.30078125,30.875,14.125,33.5625,-0.357666015625,0.756103515625,0.22540283203125,0.49957275390625
31594089720,-6.390625,-0.6953125,-5.23046875,-0.021484375,-9.462890625,-0.126953125,30.875,14.125,33.5625,-0.357666015625,0.756103515625,0.22540283203125,0.49957275390625
31621482327,-5.1640625,0.68359375,-0.7890625,-0.021484375,-9.462890625,-0.126953125,45.375,15.1875,16.5,-0.30657958984375,0.61370849609375,0.31005859375,0.658203125
31644899991,-5.1640625,0.68359375,-0.7890625,-0.185546875,-8.103515625,0.052734375,45.375,15.1875,16.5,-0.30657958984375,0.61370849609375,0.31005859375,0.658203125
31667586666,-6.39453125,-1.234375,2.96484375,-0.185546875,-8.103515625,0.052734375,49.5625,14.4375,-3.25,-0.2392578125,0.45733642578125,0.3726806640625,0.77117919921875
31691837318,-7.7265625,-0.3515625,3.88671875,-0.0703125,-9.685546875,-0.28125,49.5625,14.4375,-3.25,-0.2392578125,0.45733642578125,0.3726806640625,0.77117919921875
31717925944,-6.3125,-0.58203125,4.078125,-0.0703125,-9.685546875,-0.28125,42.4375,15.1875,-24.3125,-0.15167236328125,0.263671875,0.4154052734375,0.8572998046875
31742121597,-4.5859375,-0.92578125,3.46484375,0.2890625,-7.48828125,-0.158203125,42.4375,15.1875,-24.3125,-0.15167236328125,0.263671875,0.4154052734375,0.8572998046875
31769554204,-4.5859375,-0.92578125,3.46484375,0.2890625,-7.48828125,-0.158203125,29.875,13.625,-37.75,-0.068115234375,0.1029052734375,0.43707275390625,0.89093017578125
31788347934,-4.24609375,-0.7734375,6.90625,0.0390625,-5.923828125,0.3046875,29.875,13.625,-37.75,-0.068115234375,0.1029052734375,0.43707275390625,0.89093017578125
31815404546,-4.015625,-1.04296875,7.40625,0.0390625,-5.923828125,0.3046875,16.9375,12.5625,-42.875,-0.0052490234375,-0.02618408203125,0.45013427734375,0.892578125
31837933223,0.19921875,-0.3515625,5.6484375,0.19140625,-4.484375,-0.36328125,16.9375,12.5625,-42.875,-0.0052490234375,-0.02618408203125,0.45013427734375,0.892578125
31865283831,0.19921875,-0.3515625,5.6484375,0.19140625,-4.484375,-0.36328125,6.0625,14.0,-48.8125,0.04632568359375,-0.11676025390625,0.4476318359375,0.8853759765625
31884527555,2.45703125,-1.04296875,3.73046875,0.412109375,-1.234375,-0.0625,6.0625,14.0,-48.8125,0.04632568359375,-0.11676025390625,0.4476318359375,0.8853759765625
31907080232,4.296875,-1.1171875,5.1875,0.412109375,-1.234375,-0.0625,1.4375,12.0625,-49.25,0.04632568359375,-0.11676025390625,0.4476318359375,0.8853759765625
31935599823,3.953125,-0.4296875,8.0234375,0.5625,1.828125,0.41015625,1.4375,12.0625,-49.25,0.065673828125,-0.130615234375,0.44989013671875,0.88104248046875
31962487437,3.953125,-0.4296875,8.0234375,0.5625,1.828125,0.41015625,1.4375,12.0625,-49.25,0.05609130859375,-0.08740234375,0.4654541015625,0.87896728515625
31977411223,3.68359375,-0.0859375,10.2421875,0.5625,1.828125,0.41015625,4.8125,11.125,-48.4375,0.05609130859375,-0.08740234375,0.4654541015625,0.87896728515625
32003791845,2.265625,0.26171875,12.9609375,0.240234375,1.2265625,0.283203125,9.375,10.5625,-46.875,0.05609130859375,-0.08740234375,0.4654541015625,0.87896728515625
32027142510,1.1953125,0.26171875,12.734375,0.240234375,1.2265625,0.283203125,9.375,10.5625,-46.875,0.0455322265625,-0.05938720703125,0.47650146484375,0.8759765625
32054551117,1.61328125,0.0703125,11.125,0.01171875,1.150390625,0.052734375,9.375,10.5625,-46.875,0.0455322265625,-0.05938720703125,0.47650146484375,0.8759765625
32082682714,1.61328125,0.0703125,11.125,0.01171875,1.150390625,0.052734375,10.8125,9.875,-45.6875,0.0272216796875,-0.0274658203125,0.48175048828125,0.87542724609375
32097544500,0.62109375,-0.27734375,10.0546875,0.09375,3.763671875,0.177734375,10.8125,9.875,-45.6875,0.0272216796875,-0.0274658203125,0.48175048828125,0.87542724609375
32122552142,-1.02734375,-0.046875,9.9375,0.09375,3.763671875,0.177734375,20.3125,10.5,-45.6875,-0.01904296875,0.06268310546875,0.488037109375,0.870361328125
32145886809,-2.0625,0.52734375,7.56640625,0.572265625,6.00390625,0.65234375,20.3125,10.5,-45.6875,-0.01904296875,0.06268310546875,0.488037109375,0.870361328125
32173662415,-7.42578125,0.52734375,7.4453125,0.572265625,6.00390625,0.65234375,33.5625,8.4375,-35.4375,-0.08465576171875,0.2064208984375,0.4915771484375,0.84173583984375
32193596132,-7.42578125,0.52734375,7.4453125,0.9296875,7.935546875,1.138671875,33.5625,8.4375,-35.4375,-0.08465576171875,0.2064208984375,0.4915771484375,0.84173583984375
32222074728,-6.2734375,2.17578125,5.87890625,0.9296875,7.935546875,1.138671875,45.5625,6.0625,-19.625,-0.1573486328125,0.38580322265625,0.48248291015625,0.77044677734375
32245741393,-7.7265625,1.06640625,5.37890625,0.7890625,8.0859375,1.234375,45.5625,6.0625,-19.625,-0.1573486328125,0.38580322265625,0.48248291015625,0.77044677734375
32273726996,-6.43359375,1.6015625,5.41796875,0.7890625,8.0859375,1.234375,51.5,2.8125,-1.0,-0.2218017578125,0.54644775390625,0.45599365234375,0.66650390625
32296959666,-6.43359375,1.6015625,5.41796875,1.083984375,8.880859375,1.1484375,51.5,2.8125,-1.0,-0.2218017578125,0.54644775390625,0.45599365234375,0.66650390625
32324985269,-6.8515625,2.0625,-0.2890625,1.083984375,8.880859375,1.1484375,48.375,1.125,20.75,-0.28448486328125,0.70263671875,0.3946533203125,0.51922607421875
32344087998,-10.33984375,2.4453125,-2.3203125,1.615234375,9.87109375,0.412109375,48.375,1.125,20.75,-0.28448486328125,0.70263671875,0.3946533203125,0.51922607421875
32370668621,-8.8046875,1.71484375,-2.3984375,1.615234375,9.87109375,0.412109375,33.625,2.1875,39.0,-0.33978271484375,0.8214111328125,0.295166015625,0.3502197265625
32394286286,-3.71484375,2.13671875,-2.16796875,1.15625,7.2109375,0.451171875,33.625,2.1875,39.0,-0.33978271484375,0.8214111328125,0.295166015625,0.3502197265625
32421126906,-2.17578125,0.8359375,-5.609375,1.15625,7.2109375,0.451171875,16.1875,3.625,48.125,-0.3642578125,0.885009765625,0.2069091796875,0.20306396484375
32440732628,-2.17578125,0.8359375,-5.609375,1.30859375,7.38671875,0.3125,16.1875,3.625,48.125,-0.3642578125,0.885009765625,0.2069091796875,0.20306396484375
32466302265,-1.7578125,-0.27734375,-9.21484375,1.30859375,7.38671875,0.3125,-1.1875,6.0,49.8125,-0.37628173828125,0.9190673828125,0.10711669921875,0.04754638671875
32489027943,0.3125,-0.16015625,-8.9453125,1.482421875,6.951171875,0.134765625,-1.1875,6.0,49.8125,-0.37628173828125,0.9190673828125,0.10711669921875,0.04754638671875
32516956547,2.95703125,-0.27734375,-7.21875,1.482421875,6.951171875,0.134765625,-19.625,9.3125,43.875,0.37274169921875,-0.92376708984375,-0.01727294921875,0.08587646484375
32536416271,2.95703125,-0.27734375,-7.21875,0.517578125,2.015625,-0.0390625,-19.625,9.3125,43.875,0.37274169921875,-0.92376708984375,-0.01727294921875,0.08587646484375
32557561971,5.5234375,-0.27734375,-9.75,0.517578125,2.015625,-0.0390625,-24.875,10.5625,41.125,0.37274169921875,-0.92376708984375,-0.01727294921875,0.08587646484375
32585965568,5.5234375,-0.66015625,-15.5,0.328125,1.375,-0.283203125,-24.875,10.5625,41.125,0.35906982421875,-0.92437744140625,0.01055908203125,0.12835693359375
32608544248,5.5234375,-0.66015625,-15.5,0.328125,1.375,-0.283203125,-24.875,10.5625,41.125,0.35906982421875,-0.92437744140625,0.01055908203125,0.12835693359375
32627866974,5.37109375,-0.3125,-14.96484375,0.328125,1.375,-0.283203125,-29.375,11.125,38.75,0.3502197265625,-0.92333984375,0.02783203125,0.1549072265625
32656002575,4.984375,0.18359375,-12.046875,0.32421875,0.109375,-0.216796875,-29.4375,10.4375,39.5625,0.3502197265625,-0.92333984375,0.02783203125,0.1549072265625
32683361187,3.60546875,-0.19921875,-11.82421875,0.32421875,0.109375,-0.216796875,-29.4375,10.4375,39.5625,0.34967041015625,-0.92340087890625,0.034423828125,0.15435791015625
32706687856,2.91796875,0.22265625,-10.78125,0.19921875,-0.310546875,-0.265625,-29.375,11.5,39.1875,0.34967041015625,-0.92340087890625,0.034423828125,0.15435791015625
32733677473,2.53515625,0.453125,-9.59375,0.19921875,-0.310546875,-0.265625,-29.375,11.5,39.1875,0.3533935546875,-0.92333984375,0.03533935546875,0.14617919921875
32748281266,2.53515625,0.453125,-9.59375,0.248046875,-0.171875,-0.166015625,-29.375,11.5,39.1875,0.3533935546875,-0.92333984375,0.03533935546875,0.14617919921875
32773077915,2.49609375,0.03125,-8.984375,0.248046875,-0.171875,-0.166015625,-28.625,10.8125,37.1875,0.3570556640625,-0.92291259765625,0.038818359375,0.13885498046875
32797884563,2.83984375,0.0703125,-10.0546875,0.2578125,-0.587890625,-0.12890625,-28.625,10.8125,37.1875,0.3570556640625,-0.92291259765625,0.038818359375,0.13885498046875
32826213161,3.22265625,0.03125,-11.9296875,0.2578125,-0.587890625,-0.12890625,-27.4375,11.5625,39.9375,0.3612060546875,-0.923828125,0.0377197265625,0.1207275390625
32849248835,3.22265625,0.03125,-11.9296875,-0.041015625,-1.939453125,-0.080078125,-27.4375,11.5625,39.9375,0.3612060546875,-0.923828125,0.0377197265625,0.1207275390625
32873831486,2.95703125,-0.54296875,-13.85546875,-0.041015625,-1.939453125,-0.080078125,-24.125,11.6875,41.9375,0.36492919921875,-0.9281005859375,0.01812744140625,0.0714111328125
32897126156,2.11328125,-0.3515625,-14.69921875,-0.41015625,-4.52734375,-0.25390625,-24.125,11.6875,41.9375,0.36492919921875,-0.9281005859375,0.01812744140625,0.0714111328125
32921207814,0.65625,0.52734375,-14.15625,-0.41015625,-4.52734375,-0.25390625,-13.875,10.1875,46.25,-0.37249755859375,0.9263916015625,0.0386962890625,0.03924560546875
32944861479,0.65625,0.52734375,-14.15625,-0.888671875,-7.5625,-0.138671875,-13.875,10.1875,46.25,-0.37249755859375,0.9263916015625,0.0386962890625,0.03924560546875
32967833153,-1.37109375,0.60546875,-12.51171875,-0.888671875,-7.5625,-0.138671875,3.8125,9.3125,48.5625,-0.36920166015625,0.897216796875,0.12945556640625,0.20477294921875
32992565802,-2.484375,0.71875,-9.9765625,-0.84375,-8.900390625,0.130859375,3.8125,9.3125,48.5625,-0.36920166015625,0.897216796875,0.12945556640625,0.20477294921875
33019047427,-4.015625,0.875,-7.37890625,-0.84375,-8.900390625,0.130859375,24.625,6.625,41.0,-0.3385009765625,0.82464599609375,0.23101806640625,0.38983154296875
33042840089,-5.05078125,0.7578125,-5.2265625,-0.978515625,-9.23046875,0.267578125,24.625,6.625,41.0,-0.3385009765625,0.82464599609375,0.23101806640625,0.38983154296875
33068493726,-5.05078125,0.7578125,-5.2265625,-0.978515625,-9.23046875,0.267578125,42.875,5.9375,25.5,-0.2891845703125,0.7071533203125,0.32855224609375,0.5552978515625
33088157447,-6.578125,0.18359375,-1.5546875,-1.138671875,-9.984375,-0.087890625,42.875,5.9375,25.5,-0.2891845703125,0.7071533203125,0.32855224609375,0.5552978515625
33116443046,-6.2734375,-0.046875,0.9375,-1.138671875,-9.984375,-0.087890625,50.8125,5.625,2.125,-0.22119140625,0.5382080078125,0.41094970703125,0.70184326171875
33139099725,-7.1953125,0.8359375,1.12890625,-1.205078125,-8.17578125,-0.248046875,50.8125,5.625,2.125,-0.22119140625,0.5382080078125,0.41094970703125,0.70184326171875
